id,company_id,year,sales,expenses,operating_profit,opm_percentage,other_income,interest,depreciation,profit_before_tax,tax_percentage,net_profit,eps,dividend_payout
61,ABB,2012,1653,1451,202.0,12.220205686630369,33,0,19,215,33.0,145,68.0,25.0
62,ABB,2014,2276,2009,267.0,11.731107205623902,49,0,22,295,33.0,198,93.0,25.0
63,ABB,2015,2289,1977,312.0,13.630406290956751,48,0,15,344,34.0,229,108.0,29.0
64,ABB,2016,2614,2250,365.0,13.963274674827849,50,3,14,398,36.0,255,120.0,29.0
65,ABB,2017,2903,2505,398.0,13.709955218739237,57,2,16,436,37.0,277,130.0,31.0
66,ABB,2018,3298,2774,525.0,15.918738629472406,117,4,16,621,35.0,401,189.0,29.0
67,ABB,2019,3679,3074,605.0,16.444686055993476,113,2,17,699,36.0,450,212.0,31.0
68,ABB,2020,4093,3336,757.0,18.49499144881505,114,9,60,803,26.0,593,279.0,90.0
69,ABB,2021,4310,3388,922.0,21.392111368909514,81,18,58,926,25.0,691,325.0,85.0
70,ABB,2022,4913,3832,1082.0,22.023203745165887,83,19,66,1080,26.0,799,376.0,73.0
71,ABB,2023,5349,4143,1206.0,22.546270330902974,154,16,70,1274,25.0,949,447.0,73.0
72,ABB,2024,5849,4396,1453.0,24.84185330825782,248,12,71,1618,26.0,1201,565.0,73.0
86,ADANIENSOL,2014,0,0,0.0,,0,0,0,0,0.0,0,0.0,
87,ADANIENSOL,2015,131,29,101.0,77.09923664122137,3,73,37,-5,34.0,-7,0.0,0.0
88,ADANIENSOL,2016,2194,267,1927.0,87.83044667274385,70,957,560,480,23.0,368,3.0,0.0
89,ADANIENSOL,2017,2876,893,1983.0,68.94993045897078,22,904,569,532,22.0,416,4.0,0.0
90,ADANIENSOL,2018,3944,1118,2826.0,71.65314401622717,111,886,579,1472,22.0,1143,10.0,0.0
91,ADANIENSOL,2019,7305,4528,2778.0,38.02874743326489,336,1391,882,840,33.0,559,5.0,0.0
92,ADANIENSOL,2020,11416,7158,4258.0,37.29852838121934,261,2238,1174,1107,36.0,706,7.0,0.0
93,ADANIENSOL,2021,9926,5976,3950.0,39.79447914567802,1115,2117,1329,1620,20.0,1290,11.0,0.0
94,ADANIENSOL,2022,11258,7051,4206.0,37.360099484810796,1286,2365,1427,1700,27.0,1236,11.0,0.0
95,ADANIENSOL,2023,13293,8775,4518.0,33.98781313473256,1583,2781,1608,1712,25.0,1281,11.0,0.0
96,ADANIENSOL,2024,16607,10896,5711.0,34.38911302462817,611,2767,1776,1780,33.0,1196,10.0,0.0
98,ADANIENT,2013,46375,40354,6021.0,12.983288409703503,1775,3492,2298,2005,39.0,1218,15.0,10.0
99,ADANIENT,2014,54947,45564,9383.0,17.07645549347553,1157,5703,3223,1614,-64.0,2646,20.0,7.0
100,ADANIENT,2015,64465,52015,12450.0,19.312805398278137,792,7056,3522,2663,14.0,2298,18.0,8.0
101,ADANIENT,2016,34008,32325,1684.0,4.951776052693484,1044,1357,314,1056,7.0,1000,9.0,4.0
102,ADANIENT,2017,36533,34631,1902.0,5.206251881860236,749,1257,315,1079,25.0,925,9.0,4.0
103,ADANIENT,2018,35924,33886,2038.0,5.673087629439929,363,1250,664,487,23.0,594,7.0,6.0
104,ADANIENT,2019,40379,38409,1969.0,4.876297085118502,504,1625,390,459,32.0,506,7.0,6.0
105,ADANIENT,2020,43403,41108,2294.0,5.285348939013432,872,1572,472,1122,29.0,1040,10.0,10.0
106,ADANIENT,2021,39537,37031,2506.0,6.338366593317652,494,1377,537,1086,31.0,1046,8.0,12.0
107,ADANIENT,2022,69420,65707,3714.0,5.3500432152117545,1012,2526,1248,952,50.0,788,7.0,14.0
108,ADANIENT,2023,127540,118722,8818.0,6.913909361768857,834,3969,2436,3247,32.0,2422,22.0,6.0
109,ADANIENT,2024,96421,85044,11377.0,11.799296833677312,1146,4555,3042,4926,33.0,3335,28.0,5.0
111,ADANIGREEN,2017,502,98,403.0,80.2788844621514,80,334,333,-184,-75.0,-47,0.0,0.0
112,ADANIGREEN,2018,1480,637,843.0,56.95945945945946,42,552,543,-210,-35.0,-138,-1.0,0.0
113,ADANIGREEN,2019,2058,532,1526.0,74.14965986394559,73,1121,1062,-585,-19.0,-475,-3.0,0.0
114,ADANIGREEN,2020,2549,1098,1450.0,56.88505296194586,-111,995,394,-50,23.0,-68,0.0,0.0
115,ADANIGREEN,2021,3124,883,2241.0,71.73495518565942,391,1953,486,193,6.0,182,1.0,0.0
116,ADANIGREEN,2022,5133,1621,3512.0,68.42002727449834,507,2617,849,553,12.0,489,3.0,0.0
117,ADANIGREEN,2023,7776,2806,4970.0,63.91460905349794,667,2911,1300,1426,32.0,973,6.0,0.0
118,ADANIGREEN,2024,9220,1902,7318.0,79.3709327548807,1262,5006,1903,1671,25.0,1260,7.0,0.0
120,ADANIPORTS,2013,3577,1195,2382.0,66.59211629857423,344,542,422,1762,7.0,1639,8.0,12.0
121,ADANIPORTS,2014,4830,1910,2919.0,60.43478260869565,685,977,649,1978,12.0,1741,8.0,12.0
122,ADANIPORTS,2015,6152,2250,3902.0,63.42652795838751,686,1175,912,2501,7.0,2324,11.0,10.0
123,ADANIPORTS,2016,7109,2532,4577.0,64.38317625545083,730,1124,1063,3119,9.0,2856,14.0,8.0
124,ADANIPORTS,2017,8439,3021,5418.0,64.20191965872733,1037,1116,1160,4179,7.0,3902,19.0,7.0
125,ADANIPORTS,2018,11323,4166,7157.0,63.20763048662016,844,1579,1188,5234,30.0,3690,18.0,11.0
126,ADANIPORTS,2019,10925,4330,6596.0,60.37528604118994,1289,1385,1373,5126,21.0,4045,19.0,1.0
127,ADANIPORTS,2020,11873,5926,5947.0,50.08843594710688,1928,1951,1680,4244,11.0,3785,19.0,17.0
128,ADANIPORTS,2021,12550,3862,8688.0,69.22709163346613,1967,2255,2107,6292,20.0,5049,25.0,20.0
129,ADANIPORTS,2022,17119,7591,9528.0,55.65745662713943,1832,2544,3099,5717,13.0,4953,23.0,22.0
130,ADANIPORTS,2023,20852,9905,10947.0,52.498561289084975,327,2363,3425,5487,2.0,5391,25.0,20.0
131,ADANIPORTS,2024,26711,11121,15589.0,58.36172363445772,671,2733,3888,9639,16.0,8104,38.0,16.0
146,ADANIPOWER,2013,6692,5732,960.0,14.34548714883443,215,1703,1290,-1818,26.0,-2295,-10.0,0.0
147,ADANIPOWER,2014,15328,10735,4593.0,29.964770354906058,137,4162,1937,-1370,-79.0,-291,-1.0,0.0
148,ADANIPOWER,2015,18683,14005,4678.0,25.03880533104962,1188,4864,1818,-816,0.0,-816,-3.0,0.0
149,ADANIPOWER,2016,25377,16575,8802.0,34.6849509398274,-201,5560,2666,375,-47.0,551,2.0,0.0
150,ADANIPOWER,2017,22616,16635,5980.0,26.44145737530951,-3666,5902,2672,-6260,-1.0,-6174,-16.0,0.0
151,ADANIPOWER,2018,20304,14868,5436.0,26.773049645390074,754,5570,2699,-2079,0.0,-2103,-5.0,0.0
152,ADANIPOWER,2019,23884,18901,4983.0,20.86333947412494,2448,5657,2751,-976,1.0,-984,-3.0,0.0
153,ADANIPOWER,2020,26468,20734,5734.0,21.66389602538915,323,5315,3006,-2265,0.0,-2275,-6.0,0.0
154,ADANIPOWER,2021,26221,17533,8688.0,33.13374775942947,1909,5106,3202,2289,45.0,1270,3.0,0.0
155,ADANIPOWER,2022,27711,17830,9881.0,35.6573201977554,3908,4095,3118,6577,25.0,4912,13.0,0.0
156,ADANIPOWER,2023,38773,28677,10096.0,26.038738297268715,4216,3334,3304,7675,-40.0,10727,28.0,0.0
157,ADANIPOWER,2024,50351,32124,18228.0,36.20186292228556,9883,3388,3931,20792,0.0,20829,54.0,0.0
159,AMBUJACEM,2012,9749,7276,2473.0,25.36670427736178,69,78,569,1896,32.0,1292,8.0,43.0
160,AMBUJACEM,2013,9161,7492,1669.0,18.218535094422005,390,67,494,1498,15.0,1278,8.0,44.0
161,AMBUJACEM,2014,9955,8022,1934.0,19.427423405323957,419,66,513,1774,16.0,1487,10.0,46.0
162,AMBUJACEM,2015,9437,7895,1542.0,16.33993853979019,353,92,630,1173,31.0,808,5.0,54.0
163,AMBUJACEM,2016,20094,16913,3181.0,15.830596197870012,441,153,1461,2008,29.0,1434,6.0,50.0
164,AMBUJACEM,2017,23609,19751,3858.0,16.34122580371892,335,206,1219,2768,30.0,1945,8.0,47.0
165,AMBUJACEM,2018,26041,22030,4011.0,15.402634307438271,232,170,1154,2919,-2.0,2973,11.0,14.0
166,AMBUJACEM,2019,27104,22507,4597.0,16.960596221959857,601,170,1153,3875,28.0,2783,11.0,14.0
167,AMBUJACEM,2020,24516,19511,5006.0,20.41931799641051,288,140,1162,3992,22.0,3107,12.0,151.0
168,AMBUJACEM,2021,28965,22755,6210.0,21.439668565510097,252,146,1152,5164,28.0,3711,14.0,45.0
169,AMBUJACEM,2023,38937,33815,5122.0,13.154583044405063,447,195,1645,3729,19.0,3024,13.0,19.0
170,AMBUJACEM,2024,33160,26760,6400.0,19.300361881785282,1401,276,1623,5901,20.0,4738,16.0,12.0
172,APOLLOHOSP,2013,3769,3157,612.0,16.23772884054126,33,103,142,399,26.0,303,22.0,25.0
173,APOLLOHOSP,2014,4357,3681,676.0,15.515262795501492,18,119,168,407,25.0,315,23.0,25.0
174,APOLLOHOSP,2015,5129,4392,737.0,14.369272762721778,47,118,212,455,29.0,335,24.0,24.0
175,APOLLOHOSP,2016,6150,5465,684.0,11.121951219512196,92,180,264,332,29.0,235,17.0,35.0
176,APOLLOHOSP,2017,7256,6522,734.0,10.115766262403527,60,257,314,222,41.0,131,16.0,38.0
177,APOLLOHOSP,2018,8243,7442,801.0,9.717335921387845,24,295,359,171,65.0,60,8.0,59.0
178,APOLLOHOSP,2019,9617,8548,1070.0,11.126130810023916,26,327,396,373,47.0,200,17.0,35.0
179,APOLLOHOSP,2020,11247,9656,1591.0,14.145994487418868,222,533,620,660,34.0,432,33.0,18.0
180,APOLLOHOSP,2021,10560,9420,1140.0,10.795454545454545,103,449,573,221,38.0,137,10.0,29.0
181,APOLLOHOSP,2022,14663,12474,2189.0,14.928732183045762,368,379,601,1578,30.0,1108,73.0,16.0
182,APOLLOHOSP,2023,16612,14548,2065.0,12.430772935227546,75,381,615,1144,22.0,844,57.0,26.0
183,APOLLOHOSP,2024,19059,16665,2394.0,12.56099480560365,105,449,687,1362,33.0,935,63.0,26.0
185,ASIANPAINT,2013,10504,8767,1737.0,16.536557501904035,114,42,155,1655,30.0,1160,12.0,40.0
186,ASIANPAINT,2014,12220,10217,2004.0,16.399345335515548,124,48,246,1834,31.0,1263,13.0,42.0
187,ASIANPAINT,2015,13615,11372,2243.0,16.47447668013221,142,42,266,2077,31.0,1427,15.0,42.0
188,ASIANPAINT,2016,14271,11546,2725.0,19.09466750753276,213,49,276,2614,32.0,1803,18.0,41.0
189,ASIANPAINT,2017,15062,12068,2994.0,19.87783826849024,338,37,335,2960,32.0,2016,20.0,51.0
190,ASIANPAINT,2018,16825,13621,3204.0,19.043090638930163,336,41,360,3138,33.0,2098,21.0,41.0
191,ASIANPAINT,2019,19240,15475,3765.0,19.56860706860707,274,110,622,3306,33.0,2208,22.0,47.0
192,ASIANPAINT,2020,20211,16054,4157.0,20.568007520657066,355,102,780,3629,24.0,2774,28.0,43.0
193,ASIANPAINT,2021,21713,16857,4856.0,22.36448210749321,332,92,791,4304,26.0,3207,33.0,55.0
194,ASIANPAINT,2022,29101,24298,4804.0,16.50802377925157,296,95,816,4188,26.0,3085,32.0,61.0
195,ASIANPAINT,2023,34489,28229,6260.0,18.150714720635566,431,144,858,5689,26.0,4195,43.0,60.0
196,ASIANPAINT,2024,35495,27910,7585.0,21.3692069305536,821,205,853,7348,24.0,5558,57.0,58.0
198,ATGL,2018,1374,1008,366.0,26.637554585152838,80,125,61,259,36.0,162,6.0,0.0
199,ATGL,2019,1719,1264,455.0,26.46887725421757,59,90,67,357,36.0,229,2.0,12.0
200,ATGL,2020,1875,1280,595.0,31.733333333333334,44,41,51,547,20.0,436,4.0,6.0
201,ATGL,2021,1696,991,704.0,41.509433962264154,30,40,63,631,25.0,463,4.0,6.0
202,ATGL,2022,3038,2265,773.0,25.44437129690586,46,53,83,684,26.0,509,5.0,5.0
203,ATGL,2023,4378,3508,870.0,19.872087711283694,54,78,113,733,25.0,546,5.0,5.0
204,ATGL,2024,4475,3371,1104.0,24.670391061452516,62,111,158,896,26.0,668,6.0,4.0
206,BAJAJ-AUTO,2013,20025,16370,3656.0,18.257178526841447,790,1,168,4277,29.0,3133,108.0,42.0
207,BAJAJ-AUTO,2014,20137,15974,4163.0,20.673387297015445,674,1,181,4655,31.0,3380,117.0,43.0
208,BAJAJ-AUTO,2015,21595,17467,4128.0,19.115536003704563,228,6,267,4083,31.0,3026,105.0,48.0
209,BAJAJ-AUTO,2016,22574,17781,4793.0,21.23239124656685,1194,1,307,5679,28.0,4061,140.0,39.0
210,BAJAJ-AUTO,2017,21755,17326,4429.0,20.358538267065043,1468,1,307,5588,27.0,4079,141.0,39.0
211,BAJAJ-AUTO,2018,25210,20364,4846.0,19.22253074176914,1404,1,315,5933,29.0,4219,146.0,41.0
212,BAJAJ-AUTO,2019,30358,25160,5198.0,17.12234007510376,2028,4,266,6956,29.0,4928,170.0,35.0
213,BAJAJ-AUTO,2020,29919,24809,5109.0,17.076105484808984,1832,3,246,6692,22.0,5212,180.0,67.0
214,BAJAJ-AUTO,2021,27741,22803,4938.0,17.800367686817346,1570,7,259,6241,22.0,4857,168.0,83.0
215,BAJAJ-AUTO,2022,33145,27886,5259.0,15.866646553024587,2671,9,270,7652,19.0,6166,213.0,66.0
216,BAJAJ-AUTO,2023,36455,29991,6465.0,17.734192840488273,1703,40,286,7842,23.0,6060,214.0,65.0
217,BAJAJ-AUTO,2024,44870,36106,8765.0,19.534209939826162,1700,60,365,10040,23.0,7708,276.0,29.0
219,AXISBANK,2013,27183,17516,8313.0,30.58161350844278,5,6551,352,7553,31.0,5179,22.0,16.0
220,AXISBANK,2014,30641,18690,9644.0,31.474168597630626,8,7405,364,9349,33.0,6218,26.0,15.0
221,AXISBANK,2015,35479,21254,11127.0,31.36221426759492,9,8365,406,11057,33.0,7358,31.0,15.0
222,AXISBANK,2016,40988,24155,13367.0,32.611983995315704,8,9371,444,12394,34.0,8224,35.0,14.0
223,AXISBANK,2017,44542,26449,23808.0,53.450675766692115,-13,11691,509,5468,33.0,3679,15.0,33.0
224,AXISBANK,2018,45780,27163,28895.0,63.11708169506335,-22,10967,568,122,-99.0,276,1.0,0.0
225,AXISBANK,2019,54986,33278,27155.0,49.385298075873855,-10,13130,710,6974,33.0,4677,18.0,6.0
226,AXISBANK,2020,62635,37429,35066.0,55.984673106090845,-16,15537,773,4904,67.0,1627,6.0,0.0
227,AXISBANK,2021,63346,34107,31749.0,50.119976004799035,-4,12264,948,8806,25.0,6588,22.0,0.0
228,AXISBANK,2022,67377,34245,29962.0,44.4691808777476,5,15221,1008,17383,25.0,13025,42.0,2.0
229,AXISBANK,2023,85164,42218,29089.0,34.15645108261707,16,16143,13094,16906,43.0,9580,31.0,3.0
230,AXISBANK,2024,109369,59474,37943.0,34.69264599658038,11,22442,1334,33060,25.0,24861,81.0,1.0
232,BAJAJFINSV,2013,8055,4124,3931.0,48.80198634388579,2,1204,22,2708,18.0,2214,10.0,2.0
233,BAJAJFINSV,2014,6023,1531,4491.0,74.5641706790636,3,1562,31,2902,24.0,2191,10.0,2.0
234,BAJAJFINSV,2015,11335,5823,5511.0,48.619320688134096,8,2230,38,3251,26.0,2409,11.0,2.0
235,BAJAJFINSV,2016,20533,13795,6739.0,32.82033799249987,0,2877,58,3804,27.0,2775,12.0,1.0
236,BAJAJFINSV,2017,24507,15794,8713.0,35.553107275472314,0,3716,73,4925,30.0,3450,14.0,1.0
237,BAJAJFINSV,2018,32862,22074,10788.0,32.82819061530034,1,4531,160,6099,32.0,4176,17.0,1.0
238,BAJAJFINSV,2019,42605,27569,15037.0,35.29397957986152,2,6657,226,8155,34.0,5374,20.0,1.0
239,BAJAJFINSV,2020,54351,36094,18258.0,33.59275818292212,0,9500,457,8302,28.0,5994,21.0,2.0
240,BAJAJFINSV,2021,60592,40950,19641.0,32.415170319514125,-7,9274,498,9862,25.0,7367,28.0,1.0
241,BAJAJFINSV,2022,68406,46951,21455.0,31.364207818027655,8,9629,563,11271,26.0,8314,29.0,1.0
242,BAJAJFINSV,2023,82072,52204,29868.0,36.39243590993274,1,12380,678,16811,27.0,12210,40.0,2.0
243,BAJAJFINSV,2024,110382,69497,40886.0,37.04045949520755,-4,18607,900,21375,27.0,15595,51.0,2.0
245,BAJAJHLDNG,2013,337,15,322.0,95.54896142433235,3,0,2,322,21.0,1856,167.0,15.0
246,BAJAJHLDNG,2014,423,23,400.0,94.56264775413712,5,0,5,400,20.0,1988,179.0,17.0
247,BAJAJHLDNG,2015,524,40,484.0,92.36641221374046,35,0,6,513,19.0,2029,182.0,19.0
248,BAJAJHLDNG,2016,470,42,429.0,91.27659574468086,7,0,5,430,21.0,2265,204.0,16.0
249,BAJAJHLDNG,2017,842,215,628.0,74.58432304038006,8,0,5,630,21.0,2473,222.0,15.0
250,BAJAJHLDNG,2018,420,65,355.0,84.52380952380952,2390,0,5,2739,3.0,2655,239.0,17.0
251,BAJAJHLDNG,2019,431,85,347.0,80.51044083526682,2827,0,4,3170,4.0,3048,274.0,12.0
252,BAJAJHLDNG,2020,435,134,301.0,69.19540229885057,3058,13,33,3314,7.0,3080,269.0,15.0
253,BAJAJHLDNG,2021,457,106,352.0,77.02407002188184,3451,4,34,3766,3.0,3654,328.0,12.0
254,BAJAJHLDNG,2022,484,117,367.0,75.82644628099173,3896,3,34,4226,2.0,4126,364.0,32.0
255,BAJAJHLDNG,2023,522,142,380.0,72.79693486590038,4673,7,34,5012,1.0,4946,436.0,28.0
256,BAJAJHLDNG,2024,1702,140,1562.0,91.7743830787309,5967,2,34,7493,2.0,7365,653.0,20.0
258,BAJFINANCE,2015,5392,2274,1752.0,32.49258160237389,25,26,36,1357,34.0,898,18.0,10.0
259,BAJFINANCE,2016,7299,2959,2354.0,32.25099328675161,27,35,56,1965,35.0,1279,24.0,10.0
260,BAJFINANCE,2017,9970,3853,3250.0,32.59779338014042,29,22,71,2817,35.0,1836,33.0,11.0
261,BAJFINANCE,2018,12746,4696,4115.0,32.28463831790366,31,10,102,3843,35.0,2496,43.0,9.0
262,BAJFINANCE,2019,18487,6723,5454.0,29.501812084167252,34,13,144,6179,35.0,3995,69.0,9.0
263,BAJFINANCE,2020,26374,9608,9159.0,34.72738302874043,29,9,295,7322,28.0,5264,87.0,11.0
264,BAJFINANCE,2021,26673,9519,10839.0,40.63659880778315,24,3,325,5992,26.0,4420,73.0,14.0
265,BAJFINANCE,2022,31641,9855,11880.0,37.546221674409786,31,-17,385,9504,26.0,7028,116.0,17.0
266,BAJFINANCE,2023,41411,12701,12693.0,30.65127623095313,39,-5,485,15528,26.0,11508,190.0,16.0
267,BAJFINANCE,2024,54972,18886,16099.0,29.285818234737686,36,6,683,19310,25.0,14451,233.0,15.0
269,BANKBARODA,2013,36442,24486,10950.0,30.047747104988748,3,4511,322,5195,9.0,4829,23.0,19.0
270,BANKBARODA,2014,40463,27604,12049.0,29.777821713664338,2,5555,368,5996,18.0,5036,23.0,19.0
271,BANKBARODA,2015,44915,30547,13466.0,29.981075364577535,2,5449,368,5983,36.0,3950,18.0,18.0
272,BANKBARODA,2016,45799,32107,25391.0,55.440075110810284,-26,5992,525,-6233,-19.0,-5033,-22.0,0.0
273,BANKBARODA,2017,44473,29596,19250.0,43.28468958694039,-10,7937,540,3024,41.0,1855,8.0,15.0
274,BANKBARODA,2018,46056,29160,26093.0,56.654941809970474,-20,7992,901,-2106,-9.0,-1836,-7.0,0.0
275,BANKBARODA,2019,52906,32506,25815.0,48.79408762711223,-10,7887,948,1525,29.0,1166,4.0,0.0
276,BANKBARODA,2020,78895,50040,40583.0,51.439254705621394,-15,12191,1697,-1234,-99.0,981,2.0,0.0
277,BANKBARODA,2021,74314,43201,38070.0,51.22857065963344,-9,14687,1357,6373,77.0,1620,3.0,0.0
278,BANKBARODA,2022,73385,38815,37518.0,51.12488928255093,-4,14395,1438,10008,23.0,7933,15.0,19.0
279,BANKBARODA,2023,94503,49942,38231.0,40.45480037670762,7,16275,2040,20565,29.0,15005,29.0,19.0
280,BANKBARODA,2024,118379,69899,44379.0,37.4889127294537,3,23399,1702,25799,29.0,18869,36.0,21.0
282,BHARTIARTL,2013,76947,53987,22960.0,29.838720158030853,1159,4519,14815,4785,53.0,2267,4.0,17.0
283,BHARTIARTL,2014,85864,59352,26512.0,30.87673530233858,2881,5879,15650,7864,62.0,3019,5.0,26.0
284,BHARTIARTL,2015,96101,62499,33602.0,34.96529692719118,1243,4446,19858,10540,52.0,5048,8.0,33.0
285,BHARTIARTL,2016,96532,62548,33984.0,35.2049061451125,4858,8546,17450,12846,46.0,6893,11.0,9.0
286,BHARTIARTL,2017,95468,60138,35330.0,37.00716470440357,1713,9547,19773,7723,45.0,4241,7.0,11.0
287,BHARTIARTL,2018,82639,52560,30079.0,36.398068708479045,1756,9326,19243,3267,33.0,2184,2.0,194.0
288,BHARTIARTL,2019,80780,55016,25764.0,31.894033176528847,4474,10622,21348,-1732,-99.0,1688,1.0,244.0
289,BHARTIARTL,2020,87539,50930,36610.0,41.821359622568224,-37775,13992,27690,-42846,-28.0,-30664,-55.0,-3.0
290,BHARTIARTL,2021,100616,55337,45279.0,45.00178897988392,-4215,15091,29404,-3432,99.0,-12364,-26.0,0.0
291,BHARTIARTL,2022,116547,59013,57534.0,49.36549203325697,4656,16616,33091,12483,33.0,8305,7.0,39.0
292,BHARTIARTL,2023,139145,67871,71274.0,51.22282511049624,1019,19300,36432,16561,26.0,12287,15.0,27.0
293,BHARTIARTL,2024,149982,71691,78292.0,52.20093077836007,-3428,22648,39538,12679,32.0,8558,13.0,62.0
295,BEL,2013,6273,5604,669.0,10.664753706360592,622,7,136,1147,21.0,911,1.0,20.0
296,BEL,2014,6518,5593,925.0,14.191469776004908,438,7,150,1206,21.0,952,1.0,20.0
297,BEL,2015,7093,5913,1179.0,16.622021711546594,507,7,166,1513,21.0,1197,2.0,20.0
298,BEL,2016,7354,5961,1393.0,18.94207234158281,573,10,192,1764,24.0,1337,2.0,31.0
299,BEL,2017,8656,6864,1792.0,20.70240295748614,420,18,212,1983,24.0,1523,2.0,33.0
300,BEL,2018,10401,8361,2039.0,19.603884241899816,196,6,272,1957,28.0,1431,2.0,34.0
301,BEL,2019,12164,9255,2909.0,23.914830647813222,73,16,338,2628,30.0,1887,3.0,44.0
302,BEL,2020,12968,10209,2759.0,21.275447254781,99,8,372,2478,28.0,1825,3.0,37.0
303,BEL,2021,14109,10895,3214.0,22.779785952229073,125,10,387,2942,30.0,2100,3.0,46.0
304,BEL,2022,15368,12024,3344.0,21.759500260281104,232,9,401,3166,26.0,2400,3.0,46.0
305,BEL,2023,17734,13645,4090.0,23.063042742754032,281,19,429,3923,25.0,2986,4.0,44.0
306,BEL,2024,20268,15217,5051.0,24.921057825143084,670,12,443,5266,25.0,3985,5.0,40.0
308,BHEL,2013,48903,39420,9483.0,19.39144837740016,1132,128,957,9531,30.0,6693,18.0,20.0
309,BHEL,2014,39561,34982,4579.0,11.574530471929426,1617,133,985,5078,31.0,3502,10.0,20.0
310,BHEL,2015,31323,29183,2141.0,6.835232895955048,1221,92,1082,2187,34.0,1450,4.0,20.0
311,BHEL,2016,25505,26862,-1357.0,-5.320525387178984,1492,360,937,-1161,-39.0,-706,-2.0,-14.0
312,BHEL,2017,28465,27370,1095.0,3.846829439662744,753,413,850,586,22.0,455,1.0,85.0
313,BHEL,2018,28827,27174,1653.0,5.734207513789156,679,330,787,1215,64.0,438,1.0,151.0
314,BHEL,2019,30441,28409,2032.0,6.675207778982293,662,378,476,1840,46.0,1002,3.0,69.0
315,BHEL,2020,21463,21596,-133.0,-0.6196710618273308,590,613,503,-659,99.0,-1468,-4.0,0.0
316,BHEL,2021,17309,20357,-3049.0,-17.615113524755905,393,467,473,-3596,-25.0,-2700,-8.0,0.0
317,BHEL,2022,21211,20383,828.0,3.9036349064164817,405,448,314,470,5.0,445,1.0,31.0
318,BHEL,2023,23365,22321,1044.0,4.468221699122619,544,612,260,716,9.0,654,2.0,21.0
319,BHEL,2024,23893,23182,711.0,2.9757669610346125,608,828,249,243,-16.0,282,1.0,31.0
321,BOSCHLTD,2012,8659,7310,1350.0,15.59071486314817,369,6,367,1346,29.0,958,305.0,20.0
322,BOSCHLTD,2013,8757,7468,1289.0,14.71965284914925,353,0,384,1257,30.0,885,282.0,20.0
323,BOSCHLTD,2015,12086,10104,1981.0,16.390865464173423,537,14,548,1956,32.0,1338,426.0,20.0
324,BOSCHLTD,2016,9701,7823,1878.0,19.3588289867024,623,13,386,2102,27.0,1531,488.0,17.0
325,BOSCHLTD,2017,10435,8473,1963.0,18.811691423095354,912,27,456,2391,27.0,1741,570.0,29.0
326,BOSCHLTD,2018,11690,9597,2093.0,17.904191616766468,418,3,467,2041,33.0,1371,449.0,22.0
327,BOSCHLTD,2019,12085,9931,2154.0,17.823748448489862,600,13,402,2339,32.0,1598,542.0,19.0
328,BOSCHLTD,2020,9842,8358,1483.0,15.068075594391384,-105,10,383,985,34.0,650,220.0,48.0
329,BOSCHLTD,2021,9718,8555,1163.0,11.967483021197777,-241,14,341,567,15.0,482,164.0,70.0
330,BOSCHLTD,2022,11782,10319,1462.0,12.408759124087592,391,29,324,1500,19.0,1217,413.0,51.0
331,BOSCHLTD,2023,14929,13120,1810.0,12.124053854913257,471,12,386,1882,24.0,1424,483.0,99.0
332,BOSCHLTD,2024,16727,14632,2095.0,12.524660728164047,1566,51,430,3181,22.0,2490,844.0,44.0
334,BPCL,2013,242181,235472,6709.0,2.770242091658718,1492,2518,2463,3220,40.0,1936,4.0,42.0
335,BPCL,2014,264421,255007,9414.0,3.5602316003645704,1344,1982,2611,6166,34.0,4053,9.0,31.0
336,BPCL,2015,242598,232818,9780.0,4.031360522345609,2117,1180,3027,7690,34.0,5082,11.0,34.0
337,BPCL,2016,187815,174844,12971.0,6.906264142906584,1913,680,2072,12132,33.0,8089,19.0,25.0
338,BPCL,2017,201251,187468,13783.0,6.84866162155716,2721,696,2108,13700,31.0,9507,20.0,49.0
339,BPCL,2018,235895,220578,15317.0,6.493143135717163,2927,1186,2885,14174,31.0,9792,21.0,46.0
340,BPCL,2019,298226,283113,15112.0,5.067297955241997,2975,1764,3418,12905,34.0,8528,18.0,48.0
341,BPCL,2020,284572,275597,8975.0,3.1538591287969298,1393,2637,4080,3652,0.0,3666,7.0,106.0
342,BPCL,2021,230171,209170,21001.0,9.124086005621908,7489,1723,4334,22432,23.0,17320,37.0,102.0
343,BPCL,2022,346791,327654,19137.0,5.518309298684223,4939,2606,5434,16037,27.0,11682,27.0,29.0
344,BPCL,2023,473187,462288,10899.0,2.3033177158290488,2036,3745,6369,2821,24.0,2131,5.0,40.0
345,BPCL,2024,448083,404001,44082.0,9.837909494446341,3032,4149,6771,36194,26.0,26859,62.0,33.0
347,BRITANNIA,2013,6185,5765,421.0,6.806790622473727,52,41,73,358,27.0,260,11.0,39.0
348,BRITANNIA,2014,6913,6286,627.0,9.069868363951974,34,8,83,569,30.0,395,16.0,36.0
349,BRITANNIA,2015,7858,6988,870.0,11.071519470603207,228,4,144,950,28.0,689,29.0,28.0
350,BRITANNIA,2016,8397,7174,1224.0,14.576634512325832,115,5,113,1220,32.0,825,34.0,29.0
351,BRITANNIA,2017,9054,7776,1278.0,14.115308151093439,151,5,119,1304,32.0,885,37.0,30.0
352,BRITANNIA,2018,9914,8413,1501.0,15.14020576961872,166,8,142,1518,34.0,1004,42.0,30.0
353,BRITANNIA,2019,11055,9322,1732.0,15.66711895070104,206,9,162,1768,35.0,1155,48.0,31.0
354,BRITANNIA,2020,11600,9756,1843.0,15.887931034482758,263,77,185,1844,24.0,1394,58.0,60.0
355,BRITANNIA,2021,13136,10627,2509.0,19.10018270401949,313,111,198,2514,26.0,1851,77.0,204.0
356,BRITANNIA,2022,14136,11935,2201.0,15.570175438596493,222,144,201,2078,27.0,1516,63.0,89.0
357,BRITANNIA,2023,16301,13470,2831.0,17.36703269738053,597,169,226,3033,24.0,2316,96.0,75.0
358,BRITANNIA,2024,16769,13603,3167.0,18.886039716142882,211,164,300,2913,27.0,2134,89.0,83.0
360,CANBK,2013,34070,26198,7217.0,21.182858820076316,2,3308,191,3771,22.0,2995,12.0,19.0
361,CANBK,2014,39570,30606,9636.0,24.351781652767247,-2,4144,230,3242,20.0,2672,10.0,19.0
362,CANBK,2015,43813,34133,10302.0,23.513569032022456,-1,4733,429,3683,22.0,2931,11.0,17.0
363,CANBK,2016,44039,34263,17785.0,40.38465905220373,-18,5266,172,-2914,-13.0,-2535,-9.0,0.0
364,CANBK,2017,41457,31540,15691.0,37.84885544057698,-14,7852,331,1746,29.0,1411,5.0,4.0
365,CANBK,2018,41345,29113,25582.0,61.874470915467406,-32,7398,456,-6408,-36.0,-3873,-11.0,0.0
366,CANBK,2019,47951,32339,27202.0,56.72874392609122,-24,9907,429,-2111,-99.0,696,2.0,0.0
367,CANBK,2020,49759,35817,26809.0,53.87769046805603,-26,11799,446,-1514,34.0,-1921,-4.0,0.0
368,CANBK,2021,70253,45182,43437.0,61.82938806883692,-26,23086,838,3882,30.0,2957,4.0,0.0
369,CANBK,2022,70614,43035,41235.0,58.39493584841533,-19,23643,841,9145,37.0,6158,7.0,19.0
370,CANBK,2023,85885,52990,42772.0,49.80147872154625,-12,25325,1021,14427,25.0,11345,12.0,19.0
371,CANBK,2024,110519,72118,46146.0,41.753906568101414,-7,28646,902,20000,26.0,15401,17.0,19.0
373,CHOLAFIN,2013,2570,1410,688.0,26.770428015564203,18,1,22,452,32.0,308,4.0,16.0
374,CHOLAFIN,2014,3279,1769,932.0,28.42329978652028,18,1,25,554,34.0,368,5.0,14.0
375,CHOLAFIN,2015,3715,1958,1061.0,28.559892328398384,19,0,30,666,33.0,444,6.0,11.0
376,CHOLAFIN,2016,4214,2048,1266.0,30.042714760322735,21,2,22,879,35.0,575,7.0,12.0
377,CHOLAFIN,2017,4694,2228,1322.0,28.163613123135917,24,3,39,1107,35.0,718,9.0,12.0
378,CHOLAFIN,2018,5559,2657,1451.0,26.101816873538407,26,0,51,1401,34.0,918,12.0,11.0
379,CHOLAFIN,2019,7108,3588,1632.0,22.960045019696118,27,1,57,1832,35.0,1197,15.0,8.0
380,CHOLAFIN,2020,8712,4592,2421.0,27.789256198347108,20,0,111,1588,34.0,1054,13.0,13.0
381,CHOLAFIN,2021,9583,4576,2913.0,30.397579046227698,22,56,102,2048,26.0,1521,19.0,11.0
382,CHOLAFIN,2022,10148,4298,2926.0,28.83326763894363,29,84,101,2908,26.0,2154,26.0,8.0
383,CHOLAFIN,2023,12884,5748,3621.0,28.104625892579943,27,220,121,3615,26.0,2665,32.0,6.0
384,CHOLAFIN,2024,19163,9231,5385.0,28.10102802275218,24,255,198,4605,26.0,3420,41.0,5.0
386,CIPLA,2013,8279,34,6065.0,73.25763981157145,27,245,330,2095,26.0,1545,19.0,10.0
387,CIPLA,2014,10173,146,8026.0,78.89511451882434,21,251,373,1880,25.0,1404,17.0,12.0
388,CIPLA,2015,11345,168,9183.0,80.94314676068753,19,164,505,1654,24.0,1229,15.0,14.0
389,CIPLA,2016,13790,207,11310.0,82.01595358955765,18,208,754,1727,19.0,1383,17.0,12.0
390,CIPLA,2017,14394,159,11898.0,82.65944143393081,17,208,1323,1222,15.0,1035,13.0,16.0
391,CIPLA,2018,15156,114,12329.0,81.3473211929269,19,280,1323,1669,15.0,1417,18.0,17.0
392,CIPLA,2019,16362,168,13265.0,81.07199608849774,19,477,1326,2079,27.0,1492,19.0,16.0
393,CIPLA,2020,17132,197,13926.0,81.28648143824422,19,344,1175,2178,29.0,1500,19.0,21.0
394,CIPLA,2021,19160,161,14907.0,77.80271398747391,22,266,1068,3290,27.0,2389,30.0,17.0
395,CIPLA,2022,21763,106,17211.0,79.08376602490466,21,99,1052,3493,27.0,2547,31.0,16.0
396,CIPLA,2023,22753,110,17726.0,77.90621017008746,22,293,1172,4038,30.0,2833,35.0,24.0
397,CIPLA,2024,25774,90,19483.0,75.59168153953597,24,552,1051,5702,27.0,4154,51.0,25.0
399,COALINDIA,2013,68303,46,50216.0,73.51946473800565,26,8752,1813,24979,31.0,17356,27.0,51.0
400,COALINDIA,2014,70608,59,52842.0,74.83854520734195,25,7169,1996,22880,34.0,15112,24.0,121.0
401,COALINDIA,2015,74120,9,56777.0,76.60145709660011,23,6570,2320,21584,36.0,13727,22.0,95.0
402,COALINDIA,2016,77861,388,59147.0,75.96486045645446,24,5939,2826,21440,33.0,14267,23.0,121.0
403,COALINDIA,2017,78164,410,65716.0,84.0745100046057,16,5316,2907,14446,36.0,9280,15.0,133.0
404,COALINDIA,2018,85244,430,75956.0,89.10421847871991,11,4975,3063,10770,35.0,7038,11.0,146.0
405,COALINDIA,2019,99586,264,74579.0,74.88904062820076,25,5834,3450,27127,36.0,17464,28.0,46.0
406,COALINDIA,2020,96080,503,74500.0,77.53955037468776,22,6444,3451,24071,31.0,16700,27.0,44.0
407,COALINDIA,2021,90026,642,71398.0,79.3081998533757,21,3742,3718,18009,29.0,12702,21.0,78.0
408,COALINDIA,2022,109715,541,84995.0,77.46889668687052,23,3866,4429,23616,26.0,17378,28.0,60.0
409,COALINDIA,2023,138252,684,94020.0,68.00624945751237,32,6560,6833,43275,27.0,31723,52.0,47.0
410,COALINDIA,2024,142324,819,94352.0,66.29380849329698,34,8396,6735,48813,23.0,37369,61.0,42.0
412,DABUR,2013,6140,5148,992.0,16.156351791530945,100,59,85,948,19.0,766,4.0,34.0
413,DABUR,2014,7058,5897,1162.0,16.463587418532164,126,54,97,1136,19.0,916,5.0,33.0
414,DABUR,2015,7795,6475,1320.0,16.93393200769724,154,40,115,1319,19.0,1068,6.0,33.0
415,DABUR,2016,7780,6261,1518.0,19.511568123393317,217,48,133,1554,19.0,1254,7.0,32.0
416,DABUR,2017,7614,6102,1512.0,19.858156028368796,296,54,143,1611,21.0,1280,7.0,31.0
417,DABUR,2018,7722,6104,1617.0,20.94017094017094,291,53,162,1693,20.0,1358,8.0,81.0
418,DABUR,2019,8515,6775,1740.0,20.434527304756312,222,60,177,1725,16.0,1446,8.0,34.0
419,DABUR,2020,8685,6892,1792.0,20.63327576280944,205,50,220,1728,16.0,1448,8.0,37.0
420,DABUR,2021,9562,7560,2002.0,20.937042459736457,325,31,240,2056,18.0,1695,10.0,50.0
421,DABUR,2022,10889,8637,2252.0,20.681421618146754,308,39,253,2269,23.0,1742,10.0,53.0
422,DABUR,2023,11530,9367,2162.0,18.751084128360798,445,78,311,2219,23.0,1701,10.0,54.0
423,DABUR,2024,12404,10004,2400.0,19.348597226701063,482,124,399,2359,23.0,1811,10.0,53.0
425,DIVISLAB,2013,2145,1329,816.0,38.04195804195804,45,3,77,781,23.0,602,23.0,33.0
426,DIVISLAB,2014,2532,1514,1018.0,40.20537124802528,68,3,92,991,22.0,773,29.0,34.0
427,DIVISLAB,2015,3115,1942,1173.0,37.65650080256822,38,3,136,1072,21.0,852,32.0,31.0
428,DIVISLAB,2016,3776,2354,1423.0,37.6853813559322,93,5,118,1393,19.0,1126,42.0,24.0
429,DIVISLAB,2017,4064,2615,1450.0,35.67913385826771,72,3,123,1395,24.0,1060,40.0,25.0
430,DIVISLAB,2018,3891,2622,1269.0,32.61372397841172,107,2,142,1231,29.0,877,33.0,30.0
431,DIVISLAB,2019,4946,3072,1874.0,37.88920339668419,154,5,169,1855,27.0,1353,51.0,31.0
432,DIVISLAB,2020,5394,3568,1826.0,33.852428624397476,186,7,186,1819,24.0,1377,52.0,31.0
433,DIVISLAB,2021,6969,4102,2867.0,41.13933132443679,57,2,256,2666,26.0,1984,75.0,27.0
434,DIVISLAB,2022,8960,5075,3885.0,43.359375,112,2,312,3684,20.0,2960,112.0,27.0
435,DIVISLAB,2023,7767,5397,2370.0,30.513711857860176,344,2,343,2369,23.0,1824,69.0,44.0
436,DIVISLAB,2024,7845,5635,2210.0,28.170809432759718,335,4,378,2163,26.0,1600,60.0,50.0
438,DLF,2013,7773,5140,2633.0,33.87366525151164,1279,2314,796,802,17.0,667,4.0,48.0
439,DLF,2014,8298,5805,2493.0,30.04338394793926,1133,2463,663,500,-16.0,590,4.0,55.0
440,DLF,2015,7649,4635,3014.0,39.40384363969146,503,2304,545,668,24.0,507,3.0,66.0
441,DLF,2016,9926,5960,3966.0,39.955671972597216,506,2680,766,1026,55.0,305,2.0,117.0
442,DLF,2017,8221,4775,3446.0,41.9170417224182,1135,2980,572,1030,22.0,708,4.0,50.0
443,DLF,2018,6707,4329,2378.0,35.455494259728646,9722,2951,534,8615,50.0,4477,25.0,8.0
444,DLF,2019,8366,6218,2148.0,25.67535261773847,784,2062,225,646,43.0,1314,6.0,33.0
445,DLF,2020,6083,4937,1146.0,18.839388459641622,1135,1427,200,653,99.0,-590,-2.0,-85.0
446,DLF,2021,5414,3945,1469.0,27.133357960842257,383,853,159,840,43.0,1083,4.0,45.0
447,DLF,2022,5717,3974,1743.0,30.488018191359107,195,625,149,1165,28.0,1500,6.0,49.0
448,DLF,2023,5695,3969,1726.0,30.307287093942055,317,392,149,1502,27.0,2034,8.0,49.0
449,DLF,2024,6427,4303,2124.0,33.04807841916913,531,356,148,2151,24.0,2724,11.0,45.0
451,DMART,2013,3341,3126,215.0,6.435199042202933,15,43,46,141,34.0,94,2.0,0.0
452,DMART,2014,4686,4345,341.0,7.276995305164319,16,56,57,245,34.0,161,3.0,0.0
453,DMART,2015,6439,5983,456.0,7.081845006988663,20,72,82,323,34.0,212,4.0,0.0
454,DMART,2016,8584,7919,664.0,7.735321528424977,17,91,98,492,35.0,320,6.0,0.0
455,DMART,2017,11898,10929,969.0,8.144225920322743,28,122,128,747,36.0,479,8.0,0.0
456,DMART,2018,15033,13680,1353.0,9.000199560965875,88,60,159,1222,34.0,806,13.0,0.0
457,DMART,2019,20005,18371,1633.0,8.162959260184955,48,47,212,1422,37.0,902,14.0,0.0
458,DMART,2020,24870,22742,2128.0,8.556493767591476,60,69,374,1745,25.0,1301,20.0,0.0
459,DMART,2021,24143,22398,1745.0,7.227767883030278,194,42,414,1483,26.0,1099,17.0,0.0
460,DMART,2022,30976,28474,2502.0,8.077221074380166,114,54,498,2064,28.0,1492,23.0,0.0
461,DMART,2023,42840,39201,3639.0,8.494397759103641,128,67,639,3060,22.0,2378,37.0,0.0
462,DMART,2024,50789,46683,4106.0,8.084427730414067,145,58,731,3461,27.0,2536,39.0,0.0
464,DRREDDY,2013,11833,9164,2669.0,22.555564945491422,146,100,550,2165,29.0,1527,18.0,17.0
465,DRREDDY,2014,13415,10164,3251.0,24.23406634364517,170,127,648,2646,26.0,1963,23.0,16.0
466,DRREDDY,2015,15023,11515,3508.0,23.35086201158224,260,108,760,2900,19.0,2336,27.0,15.0
467,DRREDDY,2016,15568,11983,3585.0,23.028006166495373,295,83,939,2859,26.0,2131,25.0,16.0
468,DRREDDY,2017,14196,11724,2472.0,17.413355874894336,172,79,1027,1554,19.0,1292,16.0,26.0
469,DRREDDY,2018,14281,11930,2351.0,16.462432602758913,155,79,1077,1350,32.0,947,11.0,35.0
470,DRREDDY,2019,15448,12270,3178.0,20.572242361470742,381,89,1135,2336,17.0,1950,23.0,17.0
471,DRREDDY,2020,17517,15040,2477.0,14.140549180795798,670,98,1163,1886,-7.0,2026,24.0,21.0
472,DRREDDY,2021,19048,15173,3874.0,20.338093238135237,335,97,1229,2884,32.0,1952,23.0,21.0
473,DRREDDY,2022,21545,17778,3768.0,17.488976560686933,555,96,1165,3061,29.0,2182,26.0,23.0
474,DRREDDY,2023,24670,18200,6470.0,26.22618565058776,971,143,1250,6048,25.0,4507,54.0,15.0
475,DRREDDY,2024,28011,20078,7933.0,28.321016743422227,909,171,1470,7201,23.0,5578,67.0,12.0
477,EICHERMOT,2012,6390,5840,550.0,8.607198748043817,136,4,82,600,21.0,475,12.0,17.0
478,EICHERMOT,2013,6810,6094,715.0,10.499265785609397,93,8,130,671,22.0,525,15.0,21.0
479,EICHERMOT,2014,8738,7621,1118.0,12.794689860379949,105,10,220,993,29.0,702,23.0,22.0
480,EICHERMOT,2016,6173,4484,1690.0,27.37728819050705,326,2,137,1877,29.0,1338,49.0,20.0
481,EICHERMOT,2017,7033,4859,2174.0,30.911417602729983,416,4,154,2433,30.0,1667,61.0,16.0
482,EICHERMOT,2018,8965,6156,2809.0,31.3329615170106,536,5,223,3116,30.0,1960,72.0,15.0
483,EICHERMOT,2019,9797,6893,2904.0,29.641727059303868,701,7,300,3297,33.0,2203,81.0,15.0
484,EICHERMOT,2020,9154,6971,2183.0,23.847498361372075,572,19,382,2355,22.0,1827,67.0,19.0
485,EICHERMOT,2021,8720,6937,1783.0,20.44724770642202,482,16,451,2203,25.0,1347,49.0,34.0
486,EICHERMOT,2022,10298,8120,2178.0,21.149737813167604,496,19,452,2203,24.0,1677,61.0,34.0
487,EICHERMOT,2023,14442,10996,3446.0,23.8609610857222,908,28,526,3800,23.0,2914,107.0,35.0
488,EICHERMOT,2024,16536,12206,4329.0,26.179245283018872,1521,51,598,5202,23.0,4001,146.0,35.0
490,GAIL,2013,50974,43547,7427.0,14.570173029387531,887,437,1319,6558,34.0,4367,6.0,28.0
491,GAIL,2014,61765,53777,7988.0,12.932890795758114,1247,669,1644,6922,32.0,4786,7.0,28.0
492,GAIL,2015,60557,54926,5631.0,9.298677279257559,945,652,1433,4492,32.0,3160,5.0,24.0
493,GAIL,2016,52053,47517,4536.0,8.71419514725376,731,822,1496,2949,37.0,1874,3.0,37.0
494,GAIL,2017,48552,42531,6021.0,12.40113692535838,1212,509,1541,5183,35.0,3374,5.0,56.0
495,GAIL,2018,54496,46695,7802.0,14.31664709336465,948,295,1527,6928,31.0,4805,7.0,43.0
496,GAIL,2019,76190,66252,9938.0,13.04370652316577,1719,159,1667,9831,33.0,6553,10.0,25.0
497,GAIL,2020,72518,63495,9022.0,12.44104911883946,3796,309,2080,10429,9.0,9515,14.0,31.0
498,GAIL,2021,57372,50127,7245.0,12.628111273792095,2833,179,2174,7725,20.0,6143,9.0,36.0
499,GAIL,2022,92770,77608,15161.0,16.342567640400993,2925,202,2420,15464,20.0,12304,18.0,36.0
500,GAIL,2023,145668,138168,7500.0,5.14869429112777,2822,365,2702,7256,23.0,5596,9.0,59.0
501,GAIL,2024,133228,118914,14314.0,10.743987750322754,2672,719,3672,12595,21.0,9903,15.0,37.0
503,GODREJCP,2013,6412,5417,995.0,15.517779164067374,194,87,77,1025,17.0,845,8.0,22.0
504,GODREJCP,2014,7599,6430,1169.0,15.383603105671797,62,120,82,1030,20.0,819,7.0,24.0
505,GODREJCP,2015,8273,6894,1379.0,16.66868125226641,73,112,91,1249,22.0,976,9.0,21.0
506,GODREJCP,2016,8424,6766,1657.0,19.669990503323838,-262,128,101,1167,29.0,831,8.0,24.0
507,GODREJCP,2017,9268,7361,1907.0,20.576176089771256,76,154,142,1687,22.0,1308,13.0,39.0
508,GODREJCP,2018,9847,7763,2084.0,21.163806235401644,283,173,156,2039,20.0,1634,16.0,42.0
509,GODREJCP,2019,10314,8183,2132.0,20.67093271281753,362,238,170,2085,-12.0,2342,23.0,44.0
510,GODREJCP,2020,9911,7757,2154.0,21.733427504792655,32,228,197,1760,15.0,1497,15.0,55.0
511,GODREJCP,2021,11029,8629,2399.0,21.751745398494876,23,138,204,2080,17.0,1721,17.0,0.0
512,GODREJCP,2022,12276,9867,2409.0,19.623655913978492,78,122,210,2155,17.0,1783,17.0,0.0
513,GODREJCP,2023,13316,10873,2443.0,18.34635025533193,114,188,236,2133,20.0,1702,17.0,0.0
514,GODREJCP,2024,14096,11139,2957.0,20.977582292849036,-2209,310,241,198,99.0,-561,-5.0,
516,GRASIM,2013,27909,21986,5924.0,21.226127772403167,824,324,1252,5171,28.0,3778,57.0,8.0
517,GRASIM,2014,28331,23416,4915.0,17.348487522501856,576,447,1457,3586,20.0,2954,44.0,9.0
518,GRASIM,2015,31734,26590,5144.0,16.209743492783765,530,667,1563,3443,30.0,2582,37.0,9.0
519,GRASIM,2016,34487,28576,5911.0,17.13979180560791,1320,718,1834,4679,26.0,3455,51.0,9.0
520,GRASIM,2017,36068,28682,7387.0,20.480758567150936,1076,702,1808,5952,29.0,4246,66.0,8.0
521,GRASIM,2018,55894,44281,11612.0,20.775038465667155,410,3663,2724,5635,35.0,3688,39.0,15.0
522,GRASIM,2019,77200,60560,16640.0,21.554404145077722,-1846,6060,3571,5163,47.0,2745,25.0,27.0
523,GRASIM,2020,68252,57880,10373.0,15.19808943327668,7076,6890,4004,6554,-1.0,6639,65.0,6.0
524,GRASIM,2021,76404,57769,18635.0,24.39008428878069,1130,5723,4033,10009,30.0,6987,63.0,14.0
525,GRASIM,2022,95701,75270,20431.0,21.34878423422953,1648,4776,4161,13143,15.0,11206,111.0,9.0
526,GRASIM,2023,117627,96038,21589.0,18.353779319373952,3733,6044,4552,14727,25.0,11078,100.0,10.0
527,GRASIM,2024,130978,103783,27195.0,20.763028905617738,783,9277,5001,13700,28.0,9926,85.0,12.0
529,HAL,2013,14328,13560,768.0,5.360134003350084,3335,5,601,3497,14.0,2997,124.0,28.0
530,HAL,2014,15135,13565,1570.0,10.373306904525933,2618,8,603,3578,25.0,2693,28.0,33.0
531,HAL,2015,15730,13379,2351.0,14.945963127781308,1642,15,806,3173,25.0,2388,25.0,20.0
532,HAL,2016,16758,14281,2478.0,14.786967418546364,1598,6,863,3207,38.0,1998,28.0,31.0
533,HAL,2017,17950,14714,3236.0,18.027855153203344,1044,16,681,3583,27.0,2616,36.0,31.0
534,HAL,2018,18519,15059,3460.0,18.683514228630056,761,35,947,3240,39.0,1987,30.0,54.0
535,HAL,2019,20008,15440,4569.0,22.835865653738505,376,177,1024,3742,37.0,2346,35.0,28.0
536,HAL,2020,21445,16565,4880.0,22.75588715318256,415,359,998,3938,28.0,2842,42.0,39.0
537,HAL,2021,22882,17541,5341.0,23.341491128397866,360,267,1157,4277,24.0,3239,48.0,31.0
538,HAL,2022,24620,19200,5420.0,22.014622258326565,986,65,1110,5231,3.0,5086,76.0,26.0
539,HAL,2023,26928,20258,6669.0,24.766042780748663,1672,64,1784,6493,10.0,5811,87.0,32.0
540,HAL,2024,30381,20631,9749.0,32.08913465652875,1899,43,1406,10199,26.0,7595,114.0,31.0
542,HAVELLS,2013,7135,6461,674.0,9.446391030133146,222,123,110,664,12.0,581,9.0,16.0
543,HAVELLS,2014,8051,7274,777.0,9.650975034157247,35,102,116,594,25.0,446,7.0,42.0
544,HAVELLS,2015,8468,7713,755.0,8.915918752952292,48,96,139,569,32.0,385,6.0,49.0
545,HAVELLS,2016,7594,6798,796.0,10.481959441664472,949,91,134,1520,14.0,1300,21.0,29.0
546,HAVELLS,2017,6130,5315,815.0,13.295269168026099,42,13,121,723,32.0,494,8.0,44.0
547,HAVELLS,2018,8116,7083,1033.0,12.727944800394283,97,25,140,965,31.0,661,11.0,4.0
548,HAVELLS,2019,10073,8885,1189.0,11.803832026208678,124,16,149,1147,31.0,788,13.0,36.0
549,HAVELLS,2020,9440,8374,1067.0,11.302966101694915,107,51,218,904,19.0,735,12.0,34.0
550,HAVELLS,2021,10457,8868,1589.0,15.195562780912308,187,90,249,1438,27.0,1044,17.0,39.0
551,HAVELLS,2022,13938,12163,1775.0,12.73496914908882,159,67,261,1607,26.0,1196,19.0,39.0
552,HAVELLS,2023,16911,15290,1621.0,9.58547690852108,178,55,296,1447,26.0,1072,17.0,44.0
553,HAVELLS,2024,18590,16709,1881.0,10.118343195266272,249,84,338,1707,26.0,1271,20.0,44.0
555,HCLTECH,2013,25581,19901,5680.0,22.203979516047063,332,106,637,5270,23.0,4040,14.0,21.0
556,HCLTECH,2014,32144,24108,8035.0,24.99688899950224,677,114,681,7917,18.0,6528,23.0,11.0
557,HCLTECH,2015,36701,28215,8486.0,23.121985776954308,1126,91,404,9117,20.0,7342,26.0,58.0
558,HCLTECH,2016,31136,24482,6654.0,21.3707605344296,871,74,410,7041,20.0,5602,20.0,40.0
559,HCLTECH,2017,47568,37178,10390.0,21.84241506895392,1069,89,828,10542,18.0,8606,30.0,40.0
560,HCLTECH,2018,50569,39323,11246.0,22.238921078130872,1230,69,1383,11024,21.0,8722,31.0,19.0
561,HCLTECH,2019,60427,46501,13926.0,23.04598937561024,943,174,2073,12622,20.0,10120,37.0,11.0
562,HCLTECH,2020,70676,53360,17316.0,24.50053766483672,589,505,3420,13980,21.0,11057,41.0,25.0
563,HCLTECH,2021,75379,55331,20048.0,26.596266864776663,927,511,4611,15853,30.0,11169,41.0,24.0
564,HCLTECH,2022,85651,65122,20529.0,23.96819651842944,1067,319,4326,16951,20.0,13523,50.0,84.0
565,HCLTECH,2023,101456,78828,22628.0,22.303264469326606,1358,353,4145,19488,24.0,14845,55.0,88.0
566,HCLTECH,2024,109913,85715,24198.0,22.015594151738192,1495,553,4173,20967,25.0,15710,58.0,90.0
568,HDFCBANK,2013,35861,19695,12631.0,35.22210758205293,10,7133,663,10004,31.0,6903,14.0,19.0
569,HDFCBANK,2014,42555,23445,13508.0,31.742450945834804,13,8298,689,13211,34.0,8768,18.0,19.0
570,HDFCBANK,2015,50666,27288,16164.0,31.903051355938892,14,9546,680,16079,33.0,10703,21.0,19.0
571,HDFCBANK,2016,63162,34070,20055.0,31.751686140400874,14,11212,738,19511,34.0,12821,25.0,19.0
572,HDFCBANK,2017,73271,38042,23856.0,32.558583887213224,16,12905,886,23393,35.0,15317,30.0,18.0
573,HDFCBANK,2018,85288,42381,29532.0,34.62620767282619,16,16057,967,28464,35.0,18561,36.0,18.0
574,HDFCBANK,2019,105161,53713,34856.0,33.145367579235646,16,18947,1221,34318,35.0,22446,41.0,18.0
575,HDFCBANK,2020,122189,62137,45459.0,37.203839952859916,12,24879,1277,38195,29.0,27296,50.0,5.0
576,HDFCBANK,2021,128552,59248,52457.0,40.80605513722074,13,27333,1385,42796,26.0,31857,58.0,11.0
577,HDFCBANK,2022,135936,58584,56557.0,41.60560852165725,15,31759,1681,50873,25.0,38151,69.0,23.0
578,HDFCBANK,2023,170754,77780,63042.0,36.91977933167012,18,33912,2345,61498,25.0,46149,82.0,23.0
579,HDFCBANK,2024,283649,154139,174196.0,61.41252040373843,-16,124346,3092,76569,15.0,65446,84.0,23.0
581,HDFCLIFE,2013,14060,15,13535.0,96.26600284495022,4,28,35,502,11.0,447,2.0,0.0
582,HDFCLIFE,2014,17166,11,16561.0,96.47559128509845,4,241,41,794,9.0,725,4.0,14.0
583,HDFCLIFE,2015,27215,-14,26341.0,96.78853573397024,3,79,43,924,15.0,786,4.0,18.0
584,HDFCLIFE,2016,18141,8,17187.0,94.74119398048619,5,108,45,1008,19.0,817,4.0,22.0
585,HDFCLIFE,2017,30647,9,29674.0,96.82513786014944,3,139,41,1061,16.0,887,4.0,25.0
586,HDFCLIFE,2018,32260,11,31186.0,96.67079975201489,3,282,44,1300,15.0,1107,6.0,25.0
587,HDFCLIFE,2019,38855,14,37640.0,96.87298931926392,3,136,45,1291,1.0,1278,6.0,26.0
588,HDFCLIFE,2020,29380,0,28239.0,96.11640571817563,4,369,47,1463,11.0,1297,6.0,0.0
589,HDFCLIFE,2021,71528,0,70294.0,98.27480147634493,2,445,51,1629,16.0,1361,7.0,30.0
590,HDFCLIFE,2022,67126,0,66348.0,98.84098560915294,1,766,56,1487,11.0,1327,6.0,27.0
591,HDFCLIFE,2023,70207,0,70127.0,99.88605124845101,0,1437,76,1441,5.0,1368,6.0,30.0
592,HDFCLIFE,2024,101482,0,100951.0,99.47675449833469,1,525,79,977,-61.0,1574,7.0,27.0
594,HEROMOTOCO,2014,25275,12,21722.0,85.94263105835806,14,430,1107,2864,26.0,2102,105.0,62.0
595,HEROMOTOCO,2015,27538,12,24018.0,87.21766286585809,13,325,540,3292,29.0,2364,118.0,51.0
596,HEROMOTOCO,2016,28457,15,24033.0,84.45373721755631,16,421,443,4387,29.0,3112,157.0,46.0
597,HEROMOTOCO,2017,28610,27,24025.0,83.9741349178609,16,830,502,4885,27.0,3546,179.0,47.0
598,HEROMOTOCO,2018,32458,31,27124.0,83.56645511122065,16,564,575,5292,30.0,3722,186.0,51.0
599,HEROMOTOCO,2019,33971,37,28946.0,85.2079715051073,15,741,624,5104,32.0,3466,172.0,50.0
600,HEROMOTOCO,2020,29254,47,25184.0,86.0873726669857,14,1434,846,4611,21.0,3659,182.0,49.0
601,HEROMOTOCO,2021,30959,46,26902.0,86.89557156238897,13,553,715,3849,24.0,2936,146.0,72.0
602,HEROMOTOCO,2022,29551,53,26295.0,88.98176034651958,11,545,690,3058,24.0,2329,116.0,82.0
603,HEROMOTOCO,2023,34158,105,30060.0,88.00281046899701,12,567,697,3864,28.0,2800,141.0,71.0
604,HEROMOTOCO,2024,37789,76,32554.0,86.14676228532112,14,689,757,5090,26.0,3742,187.0,75.0
606,HINDALCO,2013,80193,2079,72494.0,90.39941141994937,10,1111,2822,3909,23.0,3007,16.0,6.0
607,HINDALCO,2014,87695,2702,79671.0,90.85010547921775,9,677,3347,2653,20.0,2195,11.0,9.0
608,HINDALCO,2015,104281,4178,95437.0,91.51906867022755,8,-832,3493,340,75.0,259,4.0,24.0
609,HINDALCO,2016,98759,5134,90981.0,92.12426209256877,8,1500,4347,-203,99.0,-702,-1.0,-82.0
610,HINDALCO,2017,100184,5742,87867.0,87.70562165615267,12,1198,4457,3315,43.0,1882,8.0,13.0
611,HINDALCO,2018,115183,3911,101488.0,88.1102245991162,12,2879,4506,8157,25.0,6083,27.0,4.0
612,HINDALCO,2019,130542,3778,115031.0,88.11800033705627,12,1127,4777,8083,32.0,5495,24.0,5.0
613,HINDALCO,2020,118144,4197,103838.0,87.89104821235102,12,906,5091,5924,36.0,3767,17.0,6.0
614,HINDALCO,2021,132008,3738,114449.0,86.69853342221684,13,-987,6628,6206,44.0,3483,16.0,19.0
615,HINDALCO,2022,195059,3768,166712.0,85.46747394378112,15,1253,6729,19103,28.0,13730,61.0,6.0
616,HINDALCO,2023,223202,3646,200536.0,89.84507307282192,10,1307,7086,13241,24.0,10097,45.0,7.0
617,HINDALCO,2024,215962,3858,192090.0,88.94620349876368,11,1519,7521,14012,28.0,10155,45.0,8.0
619,HINDUNILVR,2013,27004,26,22784.0,84.37268552806991,16,1123,251,5066,24.0,3839,18.0,104.0
620,HINDUNILVR,2014,29234,41,24475.0,83.72100978312923,16,792,296,5215,24.0,3956,18.0,71.0
621,HINDUNILVR,2015,31972,18,26560.0,83.07268860252721,17,1247,322,6320,31.0,4376,20.0,74.0
622,HINDUNILVR,2016,32186,17,26276.0,81.63797924563475,18,486,353,6026,31.0,4151,19.0,83.0
623,HINDUNILVR,2017,33162,35,26834.0,80.91791809902901,19,606,432,6467,31.0,4490,21.0,82.0
624,HINDUNILVR,2018,35545,26,28046.0,78.90279926853285,21,353,520,7306,28.0,5227,24.0,83.0
625,HINDUNILVR,2019,39310,33,30430.0,77.41032816077335,23,322,565,8604,30.0,6060,28.0,78.0
626,HINDUNILVR,2020,39783,118,29922.0,75.21303069150139,25,424,1002,9165,26.0,6756,31.0,80.0
627,HINDUNILVR,2021,47028,117,35402.0,75.27855745513311,25,170,1074,10605,25.0,7999,34.0,119.0
628,HINDUNILVR,2022,52446,106,39589.0,75.48526103039318,25,219,1091,11879,25.0,8892,38.0,90.0
629,HINDUNILVR,2023,60580,114,46433.0,76.64740838560581,23,448,1137,13344,24.0,10143,43.0,91.0
630,HINDUNILVR,2024,61896,334,47237.0,76.31672482874498,24,817,1216,13926,26.0,10282,44.0,96.0
632,ICICIBANK,2013,44885,28285,31684.0,70.58928372507519,-34,29320,625,13610,26.0,10130,15.0,24.0
633,ICICIBANK,2014,49479,29711,32852.0,66.39584470179268,-26,30085,719,16282,28.0,11677,17.0,24.0
634,ICICIBANK,2015,54964,32318,38766.0,70.52980132450331,-29,35252,798,18334,29.0,12942,19.0,24.0
635,ICICIBANK,2016,59294,33996,52252.0,88.12358754680069,-45,42102,843,14304,24.0,10927,16.0,29.0
636,ICICIBANK,2017,60940,34836,63841.0,104.76042008532984,-62,52458,912,13809,18.0,11340,16.0,14.0
637,ICICIBANK,2018,62162,34262,72806.0,117.12300119043788,-72,56807,922,10978,17.0,9100,12.0,12.0
638,ICICIBANK,2019,71982,39178,83775.0,116.38326248228724,-71,59325,946,7408,23.0,5689,7.0,15.0
639,ICICIBANK,2020,84836,44666,85361.0,100.6188410580414,-53,64950,1171,18589,40.0,11225,15.0,0.0
640,ICICIBANK,2021,89163,42659,91309.0,102.40682794432668,-50,72174,1340,26028,22.0,20364,27.0,8.0
641,ICICIBANK,2022,95407,41167,80798.0,84.68770635278334,-28,62129,1330,34241,25.0,26538,36.0,14.0
642,ICICIBANK,2023,121067,50543,87864.0,72.57469004765956,-14,65112,1515,46256,26.0,35461,49.0,16.0
643,ICICIBANK,2024,159516,74108,99560.0,62.41380175029464,-9,76522,1935,60434,26.0,46081,63.0,16.0
645,ICICIGI,2013,4012,8,4191.0,104.46161515453637,-4,586,49,351,0.0,353,8.0,0.0
646,ICICIGI,2014,4352,9,4578.0,105.19301470588236,-5,817,50,533,3.0,520,12.0,0.0
647,ICICIGI,2015,4234,12,4456.0,105.24326877657062,-5,992,54,705,17.0,585,13.0,15.0
648,ICICIGI,2016,6033,0,5269.0,87.33631692358695,13,0,57,708,28.0,507,11.0,26.0
649,ICICIGI,2017,7520,0,6601.0,87.77925531914894,12,-2,7,910,23.0,702,16.0,22.0
650,ICICIGI,2018,6912,59,7174.0,103.79050925925925,-4,1569,51,1196,28.0,862,19.0,17.0
651,ICICIGI,2019,11163,70,9494.0,85.04882200125414,15,-2,0,1598,34.0,1049,23.0,26.0
652,ICICIGI,2020,11517,0,9745.0,84.61404879742989,15,15,90,1697,30.0,1194,26.0,13.0
653,ICICIGI,2021,12161,0,10090.0,82.97015048104596,17,12,130,1954,25.0,1473,32.0,25.0
654,ICICIGI,2022,16026,0,15010.0,93.660302009235,6,809,141,1684,24.0,1271,26.0,35.0
655,ICICIGI,2023,17876,0,16612.0,92.92906690534795,7,991,142,2113,18.0,1729,35.0,31.0
656,ICICIGI,2024,20487,0,17910.0,87.42129155073948,13,112,134,2555,25.0,1919,39.0,28.0
658,ICICIPRULI,2013,20025,14,19280.0,96.27965043695382,4,900,41,1591,5.0,1515,11.0,32.0
659,ICICIPRULI,2014,21888,15,20384.0,93.12865497076024,7,129,47,1572,1.0,1561,11.0,70.0
660,ICICIPRULI,2015,34453,17,32798.0,95.1963544538937,5,43,40,1642,0.0,1640,11.0,51.0
661,ICICIPRULI,2016,20849,0,19008.0,91.16984028010936,9,0,0,1842,10.0,1650,12.0,73.0
662,ICICIPRULI,2017,37816,15,36010.0,95.22424370636767,5,130,58,1863,10.0,1682,12.0,63.0
663,ICICIPRULI,2018,38832,20,37062.0,95.44190358467245,5,132,44,1839,12.0,1619,11.0,59.0
664,ICICIPRULI,2019,41463,23,40922.0,98.69522224634011,1,813,57,1274,11.0,1139,8.0,40.0
665,ICICIPRULI,2020,21025,0,21344.0,101.51724137931035,-2,1578,61,1198,11.0,1067,7.0,11.0
666,ICICIPRULI,2021,83182,0,83572.0,100.46885143420452,0,1669,60,1219,22.0,956,7.0,30.0
667,ICICIPRULI,2022,63564,0,65728.0,103.40444276634572,-3,3191,67,961,21.0,759,5.0,10.0
668,ICICIPRULI,2023,50478,0,52235.0,103.48072427592219,-3,2925,84,1085,25.0,813,6.0,11.0
669,ICICIPRULI,2024,90307,0,92136.0,102.02531365231931,-2,2970,113,1028,17.0,851,6.0,10.0
697,INDUSINDBK,2013,6983,4750,1947.0,27.881999140770443,4,1363,73,1576,33.0,1061,20.0,15.0
698,INDUSINDBK,2014,8254,5363,2555.0,30.95468863581294,4,1891,98,2128,34.0,1408,27.0,13.0
699,INDUSINDBK,2015,9692,6272,3133.0,32.32562938505985,3,2548,127,2709,34.0,1794,34.0,12.0
700,INDUSINDBK,2016,11872,7355,4188.0,35.27628032345013,3,3297,157,3469,34.0,2286,38.0,12.0
701,INDUSINDBK,2017,14406,8343,5684.0,39.455782312925166,3,4171,191,4360,34.0,2868,48.0,13.0
702,INDUSINDBK,2018,17281,9783,6555.0,37.931832648573575,5,4750,212,5481,34.0,3606,60.0,12.0
703,INDUSINDBK,2019,22261,13415,9283.0,41.70073222227214,-2,5647,229,4981,34.0,3301,55.0,14.0
704,INDUSINDBK,2020,28783,16724,12611.0,43.81405690859187,-2,6951,278,6121,28.0,4418,64.0,0.0
705,INDUSINDBK,2021,29000,15472,15997.0,55.16206896551724,-9,6559,305,3784,25.0,2836,37.0,14.0
706,INDUSINDBK,2022,30822,15822,15840.0,51.39186295503212,-3,7334,321,6174,25.0,4611,60.0,14.0
707,INDUSINDBK,2023,36368,18776,15525.0,42.68862736471624,6,8166,373,9860,25.0,7390,95.0,15.0
708,INDUSINDBK,2024,45748,25132,17638.0,38.55469091544986,7,9388,425,11942,25.0,8950,115.0,14.0
710,INFY,2013,40352,28814,11538.0,28.59337827121332,2365,5,1099,12799,26.0,9429,21.0,25.0
711,INFY,2014,50133,36743,13390.0,26.70895418187621,2664,9,1317,14728,28.0,10656,23.0,34.0
712,INFY,2015,53319,38436,14883.0,27.913126652787934,3430,12,1017,17284,28.0,12372,27.0,55.0
713,INFY,2016,62441,45362,17079.0,27.352220496148366,3120,0,1459,18740,28.0,13489,29.0,41.0
714,INFY,2017,68484,49880,18604.0,27.165469306699375,3050,0,1703,19951,28.0,14353,31.0,41.0
715,INFY,2018,70522,51700,18822.0,26.68954368849437,3311,0,1863,20270,21.0,16029,37.0,59.0
716,INFY,2019,82675,62505,20170.0,24.396734200181434,2882,0,2011,21041,27.0,15410,35.0,60.0
717,INFY,2020,90791,68524,22267.0,24.525558700752278,2803,170,2893,22007,24.0,16639,39.0,45.0
718,INFY,2021,100472,72583,27889.0,27.757982323433396,2201,195,3267,26628,27.0,19423,45.0,59.0
719,INFY,2022,121641,90150,31491.0,25.88847510296693,2295,200,3476,30110,26.0,22146,53.0,59.0
720,INFY,2023,146767,111637,35130.0,23.93589839677857,2701,284,4225,33322,28.0,24108,58.0,73.0
721,INFY,2024,153670,117245,36425.0,23.703390381987376,4711,470,4678,35988,27.0,26248,63.0,
723,IOC,2013,461780,447919,13861.0,3.0016458053618607,3499,7164,5692,4504,19.0,3627,3.0,36.0
724,IOC,2014,488345,471123,17222.0,3.526605166429471,5064,5948,6360,9978,30.0,6967,5.0,30.0
725,IOC,2015,449507,438932,10575.0,2.352577379217676,5860,4201,5219,7014,31.0,4872,3.0,33.0
726,IOC,2016,346045,324007,22038.0,6.3685358840613215,5219,3487,5698,18072,31.0,12413,8.0,28.0
727,IOC,2017,355379,321230,34149.0,9.609177807354964,4356,3743,6806,27956,27.0,20385,14.0,45.0
728,IOC,2018,421492,379834,41658.0,9.883461607812247,4331,3875,7664,34450,34.0,22626,15.0,90.0
729,IOC,2019,528158,492896,35262.0,6.676411225428754,4097,4925,8506,25927,33.0,17274,12.0,49.0
730,IOC,2020,483763,467710,16053.0,3.31836043682547,-7165,5792,10273,-7177,-74.0,-1876,-1.0,-437.0
731,IOC,2021,363950,324021,39929.0,10.971012501717269,4696,2933,10941,30751,29.0,21762,15.0,51.0
732,IOC,2022,589321,541563,47758.0,8.103902626921492,4332,5454,12348,34289,25.0,25727,18.0,46.0
733,IOC,2023,841756,811073,30683.0,3.6451180627165116,5124,7588,13181,15038,22.0,11704,7.0,42.0
734,IOC,2024,776352,700706,75646.0,9.743776019125345,5389,7881,15866,57288,25.0,43161,30.0,40.0
736,IRCTC,2015,1059,907,152.0,14.353163361661943,82,0,20,214,39.0,131,13.0,20.0
737,IRCTC,2016,1367,1176,190.0,13.89904901243599,139,0,21,309,39.0,189,19.0,40.0
738,IRCTC,2017,1520,1206,314.0,20.657894736842106,67,3,22,355,35.0,229,11.0,49.0
739,IRCTC,2018,1466,1192,274.0,18.69031377899045,99,3,24,346,36.0,221,11.0,21.0
740,IRCTC,2019,1870,1487,383.0,20.481283422459892,126,2,29,479,36.0,309,4.0,98.0
741,IRCTC,2020,2264,1562,703.0,31.051236749116605,77,10,40,730,30.0,513,6.0,39.0
742,IRCTC,2021,777,589,188.0,24.195624195624195,124,8,46,258,27.0,187,2.0,43.0
743,IRCTC,2022,1879,1005,874.0,46.514103246407664,72,11,49,885,26.0,660,8.0,42.0
744,IRCTC,2023,3541,2265,1276.0,36.0350183563965,148,16,54,1354,26.0,1006,13.0,44.0
745,IRCTC,2024,4270,2804,1466.0,34.33255269320843,106,19,57,1496,26.0,1111,14.0,47.0
747,IRFC,2013,5550,22,5528.0,99.6036036036036,2,4075,0,1454,64.0,522,222.0,21.0
748,IRFC,2014,6197,19,6178.0,99.69340003227369,1,4607,0,1572,55.0,701,209.0,6.0
749,IRFC,2015,6939,34,6905.0,99.5100158524283,1,4992,0,1914,60.0,758,212.0,20.0
750,IRFC,2016,7507,38,7468.0,99.48048488077794,1,5519,0,1950,56.0,849,188.0,40.0
751,IRFC,2017,9047,26,9021.0,99.71261191555212,0,6888,0,2133,56.0,934,143.0,40.0
752,IRFC,2018,9267,38,9229.0,99.58994280781268,1,6638,0,2592,21.0,2055,3.0,18.0
753,IRFC,2019,11134,48,11085.0,99.55990659241961,0,8183,0,2902,22.0,2255,2.0,18.0
754,IRFC,2020,13421,66,13355.0,99.50823336562105,0,10163,0,3192,0.0,3192,3.0,0.0
755,IRFC,2021,15771,113,15657.0,99.27715427049648,0,11237,4,4416,0.0,4416,3.0,31.0
756,IRFC,2022,20299,123,20177.0,99.39898517168334,2,14075,14,6090,0.0,6090,5.0,30.0
757,IRFC,2023,23722,134,23588.0,99.4351235140376,41,17447,14,6167,0.0,6167,5.0,32.0
758,IRFC,2024,26645,133,26513.0,99.50459748545694,10,20101,9,6412,0.0,6412,5.0,31.0
760,ITC,2013,31618,20398,11221.0,35.48927825921943,852,108,859,11106,31.0,7704,6.0,55.0
761,ITC,2014,35306,22227,13080.0,37.04752733246474,966,29,965,13052,31.0,9001,7.0,54.0
762,ITC,2015,38817,24566,14252.0,36.715871911791226,1229,91,1028,14362,32.0,9779,8.0,52.0
763,ITC,2016,39192,24661,14531.0,37.07644417228006,1483,78,1077,14859,36.0,9501,8.0,73.0
764,ITC,2017,42768,27298,15470.0,36.171904227459784,1759,49,1153,16026,35.0,10477,8.0,56.0
765,ITC,2018,43449,26928,16521.0,38.02389007802251,2240,115,1236,17409,34.0,11493,9.0,56.0
766,ITC,2019,48340,29802,18537.0,38.347124534546964,2080,71,1397,19150,33.0,12836,10.0,56.0
767,ITC,2020,49388,30044,19344.0,39.16740908722767,2417,81,1645,20035,22.0,15593,12.0,82.0
768,ITC,2021,49257,32193,17065.0,34.64482205574842,2577,58,1646,17938,25.0,13383,11.0,101.0
769,ITC,2022,60645,40021,20623.0,34.00610108005606,1910,60,1732,20740,25.0,15503,12.0,93.0
770,ITC,2023,70919,45215,25704.0,36.24416587938352,2098,78,1809,25915,25.0,19477,15.0,100.0
771,ITC,2024,70866,44634,26233.0,37.0177518132814,2804,80,1816,27140,24.0,20751,16.0,84.0
773,JINDALSTEL,2013,19807,13701,6106.0,30.82748523249356,333,1067,1539,3833,24.0,2952,31.0,5.0
774,JINDALSTEL,2014,19286,13487,5799.0,30.068443430467696,349,1807,1829,2512,25.0,1896,21.0,7.0
775,JINDALSTEL,2015,19401,13937,5464.0,28.163496726972838,-1399,2875,2733,-1543,-6.0,-1452,-14.0,0.0
776,JINDALSTEL,2016,19469,16032,3437.0,17.653705891417122,-79,3254,4068,-3964,-22.0,-3087,-32.0,0.0
777,JINDALSTEL,2017,21603,16894,4709.0,21.797898440031478,-362,3441,3949,-3043,-17.0,-2538,-25.0,0.0
778,JINDALSTEL,2018,33286,26817,6469.0,19.43459712792165,-584,3866,3883,-1864,-13.0,-1616,-15.0,0.0
779,JINDALSTEL,2019,46966,38553,8412.0,17.910829110420305,-1470,4264,5480,-2802,-14.0,-2412,-17.0,0.0
780,JINDALSTEL,2020,37923,31092,6831.0,18.01281544181631,74,3768,3429,-291,37.0,-400,-1.0,0.0
781,JINDALSTEL,2021,34579,23646,10933.0,31.61745568119379,313,2753,2414,6078,30.0,4267,36.0,0.0
782,JINDALSTEL,2022,51166,35650,15515.0,30.322870656295198,-1840,1888,2097,9690,30.0,6766,56.0,5.0
783,JINDALSTEL,2023,53212,43270,9942.0,18.683755543862286,-539,1446,2691,5266,25.0,3974,31.0,6.0
784,JINDALSTEL,2024,50354,40153,10202.0,20.260555268697622,156,1294,2822,6241,5.0,5943,58.0,3.0
786,JIOFIN,2023,45,6,39.0,86.66666666666667,10,0,0,49,37.0,31,,0.0
787,JIOFIN,2024,1855,296,1559.0,84.04312668463612,429,10,22,1956,18.0,1605,3.0,0.0
789,JSWENERGY,2013,8870,6069,2801.0,31.578354002254795,9,963,662,1186,23.0,901,6.0,36.0
790,JSWENERGY,2014,8648,5394,3255.0,37.638760407030524,-179,1206,810,1060,27.0,760,5.0,43.0
791,JSWENERGY,2015,9347,5723,3624.0,38.7717984380015,196,1137,790,1892,27.0,1358,8.0,24.0
792,JSWENERGY,2016,9824,5796,4029.0,41.01180781758957,340,1498,854,2017,28.0,1460,9.0,22.0
793,JSWENERGY,2017,8263,4939,3324.0,40.22752027108798,221,1685,969,892,30.0,623,4.0,13.0
794,JSWENERGY,2018,8049,5336,2713.0,33.70605044104858,47,1456,966,338,75.0,85,0.0,0.0
795,JSWENERGY,2019,9138,6283,2855.0,31.243160428977895,398,1192,1164,897,24.0,684,4.0,24.0
796,JSWENERGY,2020,8273,5316,2957.0,35.74277771062492,376,1051,1738,544,6.0,1081,7.0,15.0
797,JSWENERGY,2021,6922,4009,2913.0,42.08321294423577,248,896,1167,1099,25.0,823,5.0,41.0
798,JSWENERGY,2022,8167,4596,3572.0,43.73699032692543,575,777,1131,2238,22.0,1743,11.0,19.0
799,JSWENERGY,2023,10332,7050,3282.0,31.765389082462253,674,844,1169,1943,24.0,1480,9.0,22.0
800,JSWENERGY,2024,11486,6104,5382.0,46.857043357130415,472,2053,1633,2167,20.0,1725,10.0,19.0
802,JSWSTEEL,2013,38210,31698,6512.0,17.042658989793246,-307,1967,2237,1999,42.0,929,4.0,30.0
803,JSWSTEEL,2014,51220,42051,9169.0,17.90121046466224,-1630,3048,3183,1308,70.0,402,2.0,74.0
804,JSWSTEEL,2015,52972,43608,9364.0,17.677263459941102,103,3493,3434,2539,32.0,1722,7.0,19.0
805,JSWSTEEL,2016,41546,35124,6422.0,15.457565108554375,-1966,3601,3323,-2468,-80.0,-481,-1.0,-67.0
806,JSWSTEEL,2017,55604,43296,12308.0,22.135098194374507,18,3768,3430,5128,33.0,3467,15.0,19.0
807,JSWSTEEL,2018,71933,57017,14916.0,20.735962631893567,-177,3701,3387,7651,20.0,6113,26.0,16.0
808,JSWSTEEL,2019,84757,65827,18930.0,22.334438453461072,196,3917,4041,11168,33.0,7524,32.0,16.0
809,JSWSTEEL,2020,73326,61513,11813.0,16.1102473883752,-289,4265,4246,3013,-30.0,3919,17.0,15.0
810,JSWSTEEL,2021,79839,59661,20178.0,25.273362642317664,473,3957,4679,12015,34.0,7873,33.0,25.0
811,JSWSTEEL,2022,146371,107257,39114.0,26.722506507436584,1600,4968,6001,29745,30.0,20938,85.0,25.0
812,JSWSTEEL,2023,165960,147490,18470.0,11.129187756085804,1561,6902,7474,5655,27.0,4139,17.0,25.0
813,JSWSTEEL,2024,175006,146849,28157.0,16.089162657280323,1500,8105,8172,13380,33.0,8973,36.0,25.0
815,KOTAKBANK,2013,10838,6024,6603.0,60.92452482007751,-17,5112,179,3144,30.0,2238,15.0,2.0
816,KOTAKBANK,2014,11986,6312,7053.0,58.84365092608043,-12,5282,208,3695,32.0,2527,16.0,2.0
817,KOTAKBANK,2015,13319,6966,9718.0,72.96343569337037,-25,8152,237,4550,33.0,3105,20.0,2.0
818,KOTAKBANK,2016,20402,11123,11541.0,56.567983531026364,-11,7631,345,5024,32.0,3524,19.0,3.0
819,KOTAKBANK,2017,22324,11458,14832.0,66.439706145852,-18,11660,362,7332,32.0,5019,27.0,2.0
820,KOTAKBANK,2018,25131,12467,16805.0,66.86960327881899,-16,13682,383,9158,33.0,6258,33.0,2.0
821,KOTAKBANK,2019,29831,15187,19758.0,66.2331132043847,-17,16148,458,10576,33.0,7204,38.0,2.0
822,KOTAKBANK,2020,33474,15901,22578.0,67.44936368524826,-15,16892,465,11422,25.0,8593,45.0,0.0
823,KOTAKBANK,2021,32820,12967,29812.0,90.83485679463742,-30,23588,461,13168,25.0,9990,50.0,2.0
824,KOTAKBANK,2022,33741,11554,30699.0,90.98426246999199,-25,24941,480,15948,25.0,12089,61.0,2.0
825,KOTAKBANK,2023,42151,14411,33485.0,79.44058266707789,-14,25991,599,19646,25.0,14925,75.0,2.0
826,KOTAKBANK,2024,56237,22567,47052.0,83.66733645109092,-24,38037,792,23863,25.0,18213,92.0,2.0
828,LICI,2019,571508,565587,5920.0,1.0358560160137742,2615,0,336,8199,68.0,2627,,2.0
829,LICI,2020,628043,634989,-6947.0,-1.1061344525772918,20870,0,379,13544,80.0,2710,,2.0
830,LICI,2021,690914,691166,-252.0,-0.03647342505724301,12820,0,417,12151,76.0,2974,7.0,0.0
831,LICI,2022,723606,720280,3326.0,0.4596424020806903,9248,0,436,12138,66.0,4125,57.0,23.0
832,LICI,2023,784628,750420,34207.0,4.359645590012082,7800,77,466,41463,13.0,35997,65.0,5.0
833,LICI,2024,845966,813188,32779.0,3.87474201090824,14829,128,466,47014,13.0,40916,66.0,15.0
835,LODHA,2011,2173,1663,510.0,23.469857340082832,145,283,17,355,26.0,264,6.0,0.0
836,LODHA,2012,2954,2229,724.0,24.509140148950575,124,254,37,556,32.0,381,9.0,0.0
837,LODHA,2015,6236,4769,1467.0,23.524695317511224,423,492,128,1269,37.0,798,18.0,0.0
838,LODHA,2016,8249,6123,2126.0,25.772820947993697,510,988,450,1198,41.0,703,16.0,0.0
839,LODHA,2017,7926,6313,1614.0,20.36336109008327,584,736,460,1001,42.0,584,13.0,0.0
840,LODHA,2018,9677,7995,1682.0,17.381419861527334,285,390,395,1182,33.0,794,10.0,0.0
841,LODHA,2019,11907,8728,3179.0,26.698580666834637,72,568,194,2489,34.0,1644,21.0,0.0
842,LODHA,2020,12443,10526,1917.0,15.406252511452223,119,740,292,1003,26.0,742,9.0,0.0
843,LODHA,2021,5449,4066,1383.0,25.380803817214172,-140,1136,73,33,-44.0,48,1.0,0.0
844,LODHA,2022,9233,7047,2186.0,23.675944979963177,293,688,75,1716,30.0,1208,12.0,20.0
845,LODHA,2023,9470,7406,2064.0,21.795142555438225,-1037,482,93,452,-8.0,490,5.0,14.0
846,LODHA,2024,10316,7651,2665.0,25.833656455990695,48,482,204,2028,23.0,1554,16.0,
848,LT,2013,74426,63032,11394.0,15.309166151613685,2523,4642,1637,7638,31.0,5291,38.0,22.0
849,LT,2014,85054,70968,14086.0,16.561243445340608,1337,6494,1446,7483,35.0,4885,35.0,27.0
850,LT,2015,91929,76245,15684.0,17.06099272264465,1422,7266,2623,7217,31.0,4966,34.0,32.0
851,LT,2016,101122,85637,15486.0,15.314174956982654,1219,6899,1787,8020,30.0,4592,31.0,40.0
852,LT,2017,109312,92691,16620.0,15.20418618266979,1466,6829,2370,8887,23.0,6486,43.0,22.0
853,LT,2018,119683,99572,20111.0,16.8035560605934,1465,7714,2223,11639,27.0,8004,53.0,30.0
854,LT,2019,135220,112354,22866.0,16.910220381600354,2701,9339,1923,14305,28.0,10217,63.0,28.0
855,LT,2020,145452,120899,24553.0,16.880482908450897,3015,11021,2462,14086,23.0,10894,68.0,26.0
856,LT,2021,135979,112519,23460.0,17.252664014296325,8111,11750,2904,16918,24.0,12921,82.0,44.0
857,LT,2022,156521,132207,24314.0,15.534017799528499,2364,9235,2948,14495,29.0,10419,62.0,36.0
858,LT,2023,183341,156175,27166.0,14.817198553515034,2891,9445,3502,17109,26.0,12531,75.0,32.0
859,LT,2024,221113,191248,29865.0,13.506668535997433,3847,9512,3682,20517,24.0,15547,95.0,36.0
861,LTIM,2013,3851,2981,870.0,22.591534666320438,22,21,123,749,25.0,562,174.0,54.0
862,LTIM,2014,4920,3773,1147.0,23.3130081300813,217,31,130,1204,17.0,996,309.0,55.0
863,LTIM,2015,4978,3973,1005.0,20.188830855765367,99,10,158,936,18.0,769,238.0,63.0
864,LTIM,2016,5846,4819,1028.0,17.584673280875812,187,6,174,1035,19.0,836,49.0,72.0
865,LTIM,2017,6501,5271,1230.0,18.920166128287956,187,3,178,1236,21.0,971,57.0,29.0
866,LTIM,2018,7306,6119,1187.0,16.24692033944703,426,16,156,1442,23.0,1112,65.0,33.0
867,LTIM,2019,9446,7562,1883.0,19.934363751852636,302,11,147,2028,25.0,1516,87.0,32.0
868,LTIM,2020,10879,8849,2029.0,18.650611269418146,329,83,273,2003,24.0,1520,87.0,32.0
869,LTIM,2021,12370,9645,2725.0,22.029102667744542,274,79,332,2588,25.0,1938,111.0,36.0
870,LTIM,2022,26109,20860,5249.0,20.10417863571948,766,123,597,5294,25.0,3950,225.0,41.0
871,LTIM,2023,33183,27075,6108.0,18.40701564053883,557,150,723,5792,24.0,4410,149.0,40.0
872,LTIM,2024,35517,29130,6387.0,17.982937748120616,702,222,819,6049,24.0,4585,155.0,42.0
874,M&M,2013,68693,59578,9116.0,13.270638929730833,841,2297,2080,5580,35.0,4129,33.0,19.0
875,M&M,2014,74001,63830,10170.0,13.743057526249643,773,2954,2170,5820,26.0,5154,38.0,18.0
876,M&M,2015,71448,62655,8793.0,12.306852536110178,800,3157,2124,4313,40.0,3381,25.0,23.0
877,M&M,2016,75841,65759,10082.0,13.293601086483564,1399,3368,2442,5672,37.0,3554,25.0,21.0
878,M&M,2017,83773,73038,10735.0,12.814391271650772,2077,3647,2813,6350,36.0,4051,30.0,22.0
879,M&M,2018,92094,78868,13226.0,14.361413338545399,4366,3987,3280,10326,23.0,7958,60.0,11.0
880,M&M,2019,104721,89514,15207.0,14.521442690577821,2676,5021,3991,8871,32.0,6017,43.0,17.0
881,M&M,2020,75382,65224,10158.0,13.47536547186331,885,6021,3367,1655,99.0,-321,1.0,205.0
882,M&M,2021,74278,62791,11487.0,15.464875198578316,1152,6102,3378,3158,52.0,1512,15.0,54.0
883,M&M,2022,90171,75488,14683.0,16.28350578345588,3204,5018,3508,9362,23.0,7253,53.0,20.0
884,M&M,2023,121269,100983,20285.0,16.72727572586564,3961,5830,4357,14060,19.0,11374,83.0,18.0
885,M&M,2024,139078,114186,24892.0,17.89787025985418,3298,7488,4724,15978,23.0,12270,91.0,21.0
887,MARUTI,2013,44304,39944,4361.0,9.843355001805707,797,198,1890,3070,20.0,2470,82.0,10.0
888,MARUTI,2014,44542,39232,5310.0,11.92133267477886,724,184,2116,3734,24.0,2854,94.0,13.0
889,MARUTI,2015,50801,43909,6892.0,13.566662073581229,817,218,2515,4976,24.0,3809,126.0,20.0
890,MARUTI,2016,57589,48565,9024.0,15.66965913629339,1464,82,2822,7585,28.0,5497,182.0,19.0
891,MARUTI,2017,68085,57664,10421.0,15.305867665418226,2399,89,2604,10127,26.0,7511,249.0,30.0
892,MARUTI,2018,79809,67692,12118.0,15.183751206004336,2155,346,2760,11167,29.0,7881,261.0,31.0
893,MARUTI,2019,86068,75012,11056.0,12.845656922433424,2664,76,3021,10624,28.0,7651,253.0,32.0
894,MARUTI,2020,75660,68305,7355.0,9.721120803595031,3410,134,3528,7103,20.0,5678,188.0,32.0
895,MARUTI,2021,70372,64961,5411.0,7.689137725231626,3046,102,3034,5321,18.0,4389,145.0,31.0
896,MARUTI,2022,88330,82578,5752.0,6.511943846937621,1861,127,2789,4697,17.0,3880,128.0,47.0
897,MARUTI,2023,118410,105288,13122.0,11.081834304535091,2415,252,4846,10438,21.0,8264,274.0,34.0
898,MARUTI,2024,141858,123232,18626.0,13.130031439890594,4248,194,5256,17424,23.0,13488,429.0,29.0
900,MOTHERSON,2013,25298,23819,1480.0,5.850264843070598,318,250,714,834,46.0,452,1.0,26.0
901,MOTHERSON,2014,30414,28017,2397.0,7.881238903136713,311,294,817,1596,31.0,1097,2.0,29.0
902,MOTHERSON,2015,34661,31817,2844.0,8.2051873863997,212,318,921,1817,29.0,1292,2.0,31.0
903,MOTHERSON,2016,37216,33668,3548.0,9.533533963886502,177,345,1087,2293,23.0,1774,3.0,26.0
904,MOTHERSON,2017,42376,38204,4171.0,9.842835567302247,346,375,1059,3083,30.0,2172,3.0,18.0
905,MOTHERSON,2018,56303,51174,5128.0,9.10786281370442,125,411,1575,3267,31.0,2260,3.0,30.0
906,MOTHERSON,2019,63523,58174,5348.0,8.418997843300852,333,423,2058,3200,34.0,2098,3.0,29.0
907,MOTHERSON,2020,60729,56075,4654.0,7.6635544797378525,642,593,2721,1983,-5.0,1294,2.0,40.0
908,MOTHERSON,2021,57370,53000,4370.0,7.617221544361165,568,512,2926,1500,34.0,1569,2.0,46.0
909,MOTHERSON,2022,63774,59060,4714.0,7.391727036096214,575,543,2958,1788,31.0,1182,1.0,34.0
910,MOTHERSON,2023,78788,72537,6251.0,7.933949332385643,70,781,3136,2405,31.0,1670,2.0,29.0
911,MOTHERSON,2024,98692,89370,9322.0,9.445547764763102,140,1811,3810,3840,21.0,3020,4.0,20.0
913,NAUKRI,2013,472,351,121.0,25.635593220338983,24,3,12,130,41.0,76,8.0,12.0
914,NAUKRI,2014,567,471,97.0,17.10758377425044,48,3,21,120,49.0,60,8.0,30.0
915,NAUKRI,2015,732,711,21.0,2.8688524590163933,89,4,47,60,99.0,-14,2.0,150.0
916,NAUKRI,2016,748,656,91.0,12.165775401069519,111,3,24,175,33.0,118,11.0,27.0
917,NAUKRI,2017,888,896,-9.0,-1.0135135135135136,50,4,33,5,99.0,-43,-2.0,-230.0
918,NAUKRI,2018,988,769,219.0,22.16599190283401,401,5,30,585,14.0,501,42.0,13.0
919,NAUKRI,2019,1151,1142,9.0,0.7819287576020852,737,7,22,716,17.0,592,49.0,12.0
920,NAUKRI,2020,1312,1662,-350.0,-26.676829268292686,286,14,48,-126,95.0,-246,-19.0,-31.0
921,NAUKRI,2021,1128,1054,74.0,6.560283687943262,1584,11,45,1602,12.0,1418,110.0,7.0
922,NAUKRI,2022,1589,1143,446.0,28.067967275015732,13810,11,73,14200,9.0,12882,991.0,1.0
923,NAUKRI,2023,2346,1997,348.0,14.83375959079284,-116,18,73,141,99.0,-70,-8.0,-228.0
924,NAUKRI,2024,2536,1825,711.0,28.036277602523658,303,35,101,878,32.0,595,44.0,49.0
926,NESTLEIND,2013,9101,7153,1948.0,21.404241292165697,97,37,330,1678,33.0,1117,12.0,42.0
927,NESTLEIND,2014,9855,7816,2039.0,20.690005073566716,87,14,338,1774,33.0,1185,12.0,51.0
928,NESTLEIND,2015,8175,6620,1555.0,19.021406727828747,-391,3,347,814,31.0,563,6.0,83.0
929,NESTLEIND,2016,9141,7292,1850.0,20.238485942457064,140,91,354,1545,35.0,1001,10.0,61.0
930,NESTLEIND,2017,10010,7913,2097.0,20.94905094905095,177,92,342,1839,33.0,1225,13.0,68.0
931,NESTLEIND,2018,11292,8675,2618.0,23.18455543747786,259,112,336,2429,34.0,1607,17.0,69.0
932,NESTLEIND,2019,12369,9443,2926.0,23.655913978494624,247,129,370,2673,26.0,1968,20.0,168.0
933,NESTLEIND,2020,13350,10149,3202.0,23.98501872659176,146,164,370,2813,26.0,2082,22.0,93.0
934,NESTLEIND,2021,14741,11178,3562.0,24.163896614883658,-112,202,391,2857,26.0,2118,22.0,91.0
935,NESTLEIND,2022,16897,13191,3706.0,21.932887494821564,107,155,403,3256,27.0,2391,25.0,89.0
936,NESTLEIND,2023,19126,14655,4471.0,23.376555474223572,116,119,429,4038,26.0,2999,31.0,56.0
937,NESTLEIND,2024,24394,18581,5813.0,23.829630236943512,159,145,538,5289,26.0,3933,41.0,79.0
939,NHPC,2013,6381,2229,4152.0,65.06817113305125,1595,611,1241,3895,26.0,2873,2.0,28.0
940,NHPC,2014,7389,3047,4342.0,58.76302611990797,889,1203,1499,2529,35.0,1633,1.0,27.0
941,NHPC,2015,8221,3087,5134.0,62.44982362243036,1597,1296,1715,3718,25.0,2798,2.0,27.0
942,NHPC,2016,8354,3571,4783.0,57.25401005506344,1174,1160,1432,3365,30.0,2365,2.0,81.0
943,NHPC,2017,8623,3739,4884.0,56.63922068885539,2245,1133,1462,4535,23.0,3480,3.0,61.0
944,NHPC,2018,7755,3508,4248.0,54.77756286266925,1185,924,1469,3040,8.0,2785,2.0,57.0
945,NHPC,2019,8983,4002,4981.0,55.449181787821445,1733,896,1658,4159,32.0,2836,3.0,56.0
946,NHPC,2020,10008,4562,5446.0,54.416466826538766,311,877,1614,3266,-2.0,3345,3.0,52.0
947,NHPC,2021,9648,4371,5277.0,54.69527363184079,1087,577,1292,4495,20.0,3600,3.0,49.0
948,NHPC,2022,9144,5131,4013.0,43.88670166229222,981,586,1190,3217,-17.0,3774,4.0,52.0
949,NHPC,2023,10607,4423,6184.0,58.30112190063166,743,475,1215,5237,19.0,4261,4.0,48.0
950,NHPC,2024,9632,4825,4807.0,49.90656146179402,2029,608,1184,5043,20.0,4028,4.0,53.0
952,NTPC,2013,71518,53370,18149.0,25.376828211079726,4777,2491,3823,16611,24.0,12586,13.0,38.0
953,NTPC,2014,78330,58603,19727.0,25.184475935146178,2792,3263,4770,14486,21.0,11403,12.0,42.0
954,NTPC,2015,79957,62605,17352.0,21.70166464474655,2338,3669,5565,10456,4.0,9992,10.0,21.0
955,NTPC,2016,73396,54829,18568.0,25.298381383181646,1188,3366,5771,10618,-2.0,10781,11.0,26.0
956,NTPC,2017,82042,60445,21598.0,26.32554057677775,1592,3753,6010,13426,20.0,10714,11.0,37.0
957,NTPC,2018,88083,65598,22485.0,25.52705970505092,5576,4447,7460,16154,35.0,10502,11.0,40.0
958,NTPC,2019,100287,77576,22710.0,22.645008824673187,2818,5605,8669,11255,-25.0,14034,14.0,44.0
959,NTPC,2020,109464,77878,31586.0,28.855148724694878,8209,8189,10356,21250,44.0,11902,12.0,27.0
960,NTPC,2021,111531,77487,34044.0,30.524248863544667,5021,9224,12450,17390,14.0,14969,15.0,41.0
961,NTPC,2022,132669,92307,40362.0,30.42308301110282,4809,9376,13788,22007,23.0,16960,17.0,41.0
962,NTPC,2023,176207,128611,47596.0,27.011412713456334,2561,11447,14792,23917,28.0,17121,17.0,42.0
963,NTPC,2024,178501,127045,51456.0,28.82672926202094,5190,12301,16204,28142,24.0,21332,21.0,36.0
965,ONGC,2013,161984,118482,43501.0,26.855121493480837,5488,484,11763,36742,35.0,23994,19.0,34.0
966,ONGC,2014,174121,124991,49130.0,28.216010705199256,7170,624,16262,39413,32.0,26665,21.0,31.0
967,ONGC,2015,160923,118610,42312.0,26.293320407896942,5955,2864,18033,27370,35.0,17703,14.0,44.0
968,ONGC,2016,124036,84901,39135.0,31.55132380921668,1067,3766,16384,20052,35.0,13102,10.0,56.0
969,ONGC,2017,282506,229702,52804.0,18.691284432897,12724,3591,20119,41718,30.0,29169,19.0,40.0
970,ONGC,2018,322706,265817,56889.0,17.628739471841243,10429,4999,23112,39208,34.0,26068,17.0,38.0
971,ONGC,2019,421624,346805,74819.0,17.745431948845418,9567,5837,23704,54846,38.0,33938,24.0,29.0
972,ONGC,2020,396728,344623,52105.0,13.13368353128592,982,7489,26635,18962,40.0,11456,9.0,58.0
973,ONGC,2021,303849,254375,49473.0,16.28210064867747,11271,5079,25538,30126,29.0,21360,13.0,28.0
974,ONGC,2022,491246,411373,79874.0,16.259470815029538,6797,5696,26883,54091,9.0,49294,36.0,29.0
975,ONGC,2023,632291,556764,75527.0,11.944974703103476,-30,7889,24557,43051,24.0,32778,28.0,40.0
976,ONGC,2024,591396,488561,102835.0,17.388518015001793,12982,10194,28763,76860,26.0,57101,39.0,31.0
978,PFC,2013,17314,331,5987.0,34.578953448076696,12,10995,6,5994,26.0,4438,13.0,21.0
979,PFC,2014,21407,748,7607.0,35.53510533937497,23,13053,5,7624,28.0,5462,17.0,22.0
980,PFC,2015,24988,1103,8429.0,33.73219145189691,25,15456,8,8446,29.0,6004,18.0,20.0
981,PFC,2016,27861,2042,9162.0,32.88467750619145,25,16657,20,9167,33.0,6184,19.0,30.0
982,PFC,2017,27581,5538,5275.0,19.125484935281534,30,16768,41,5264,58.0,2236,7.0,59.0
983,PFC,2018,48624,6583,11752.0,24.169134583744654,42,30289,15,11779,25.0,8797,20.0,31.0
984,PFC,2019,54106,1696,17783.0,32.866964846782246,94,34627,15,17862,29.0,12640,30.0,0.0
985,PFC,2020,62189,7332,14012.0,22.53131582755793,105,40845,24,14093,33.0,9477,22.0,35.0
986,PFC,2021,71656,7102,19871.0,27.731104164340735,46,44684,25,19891,21.0,15716,36.0,22.0
987,PFC,2022,76262,8215,23338.0,30.602396999816424,79,44709,35,23382,20.0,18768,42.0,23.0
988,PFC,2023,77684,4167,26501.0,34.11384583698059,47,47017,52,26496,20.0,21179,48.0,22.0
989,PFC,2024,91508,-27,33573.0,36.68859553263103,69,57962,53,33588,21.0,26461,60.0,23.0
991,PIDILITIND,2013,3678,3120,558.0,15.171288743882544,107,16,69,581,27.0,424,8.0,31.0
992,PIDILITIND,2014,4283,3611,672.0,15.689936960074713,38,16,81,612,27.0,450,9.0,31.0
993,PIDILITIND,2015,4844,4073,771.0,15.91659785301404,40,16,118,678,25.0,514,10.0,29.0
994,PIDILITIND,2016,5361,4188,1173.0,21.88024622271964,81,13,100,1141,29.0,807,16.0,26.0
995,PIDILITIND,2017,5617,4355,1262.0,22.467509346626315,115,14,115,1248,31.0,863,17.0,28.0
996,PIDILITIND,2018,6078,4737,1341.0,22.063178677196447,153,16,120,1359,29.0,966,19.0,32.0
997,PIDILITIND,2019,7078,5707,1371.0,19.369878496750495,130,26,133,1342,31.0,928,18.0,36.0
998,PIDILITIND,2020,7294,5718,1576.0,21.606800109679188,97,34,170,1470,24.0,1122,22.0,32.0
999,PIDILITIND,2021,7293,5606,1686.0,23.118058412176058,74,37,201,1522,26.0,1126,22.0,38.0
1000,PIDILITIND,2022,9921,8065,1856.0,18.707791553270837,39,42,240,1614,25.0,1207,24.0,42.0
1001,PIDILITIND,2023,11799,9813,1986.0,16.831934909738113,55,48,270,1723,25.0,1289,25.0,44.0
1002,PIDILITIND,2024,12383,9675,2708.0,21.868690947266415,63,51,341,2379,27.0,1747,34.0,47.0
1004,PNB,2013,43071,12456,,,4310,27802,336,6786,27.0,5020,28.0,19.0
1005,PNB,2014,44958,16112,,,4710,28220,367,4969,29.0,3674,20.0,10.0
1006,PNB,2015,48710,18760,,,6175,31343,384,4397,24.0,3525,18.0,18.0
1007,PNB,2016,50804,27453,,,6100,34331,413,-5293,-31.0,-3510,-19.0,-2.0
1008,PNB,2017,48058,22533,,,9168,32722,430,1540,41.0,1239,6.0,0.0
1009,PNB,2018,48725,43345,,,8883,33530,581,-19849,-37.0,-12111,-44.0,0.0
1010,PNB,2019,52147,39645,,,7367,34656,584,-15370,-35.0,-9550,-21.0,0.0
1011,PNB,2020,54918,25867,,,9388,36997,614,827,56.0,485,1.0,0.0
1012,PNB,2021,81935,38601,,,12777,50805,982,4325,38.0,2695,2.0,0.0
1013,PNB,2022,76242,36026,,,12329,46823,896,4826,19.0,3908,4.0,18.0
1014,PNB,2023,86845,41502,,,12529,51817,905,5151,35.0,3359,3.0,21.0
1015,PNB,2024,109065,39623,,,14158,68534,906,14160,35.0,9157,8.0,18.0
1017,POWERGRID,2013,13081,2244,10837.0,82.84534821496827,966,2599,3428,5776,25.0,4313,5.0,31.0
1018,POWERGRID,2014,15555,2588,12967.0,83.36226293796207,725,3254,4079,6359,28.0,4548,5.0,30.0
1019,POWERGRID,2015,17540,2613,14927.0,85.10262257696694,731,4081,5173,6404,21.0,5046,5.0,21.0
1020,POWERGRID,2016,20652,2468,18184.0,88.04958357544064,656,5086,6182,7572,21.0,5959,6.0,20.0
1021,POWERGRID,2017,25697,3247,22450.0,87.36428376853328,933,6204,7722,9457,21.0,7451,8.0,31.0
1022,POWERGRID,2018,29954,3993,25961.0,86.66955999198771,4065,7324,9231,13471,39.0,8204,9.0,33.0
1023,POWERGRID,2019,35059,8140,26920.0,76.78484839841411,1505,8737,10541,9147,-10.0,10034,11.0,43.0
1024,POWERGRID,2020,37744,4858,32886.0,87.12908011869436,2820,9509,11607,14590,24.0,11059,12.0,47.0
1025,POWERGRID,2021,39640,4734,34906.0,88.05751765893038,769,8135,12039,15501,22.0,12036,13.0,52.0
1026,POWERGRID,2022,41622,5796,35826.0,86.07467204843591,4692,8036,12872,19610,14.0,16824,18.0,61.0
1027,POWERGRID,2023,45603,6028,39576.0,86.78376422603776,1093,9634,13333,17702,13.0,15420,17.0,67.0
1028,POWERGRID,2024,45843,6017,39826.0,86.87476823070044,556,8773,13095,18514,16.0,15573,17.0,67.0
1030,RECLTD,2013,13634,365,13270.0,97.33020390200969,4,8083,4,5186,26.0,3833,15.0,21.0
1031,RECLTD,2014,17223,572,16650.0,96.67305347500435,6,10035,5,6617,28.0,4741,18.0,20.0
1032,RECLTD,2015,20544,1149,19395.0,94.4071261682243,6,11840,8,7552,29.0,5344,20.0,20.0
1033,RECLTD,2016,24125,1680,22445.0,93.03626943005182,4,14282,20,8147,30.0,5691,22.0,30.0
1034,RECLTD,2017,24338,1888,22450.0,92.2425836141014,24,13462,40,8972,30.0,6313,24.0,30.0
1035,RECLTD,2018,22658,3379,19279.0,85.08694500838556,18,13333,7,5958,25.0,4451,17.0,41.0
1036,RECLTD,2019,25408,1702,23705.0,93.29738664987406,33,15639,8,8090,29.0,5741,22.0,38.0
1037,RECLTD,2020,29942,3981,25961.0,86.70429497027587,72,18991,12,7030,29.0,4972,19.0,44.0
1038,RECLTD,2021,35557,3292,32265.0,90.74162612143881,15,21489,11,10780,22.0,8378,32.0,30.0
1039,RECLTD,2022,39276,4838,34438.0,87.68204501476728,62,22051,18,12431,19.0,10036,38.0,30.0
1040,RECLTD,2023,39486,1858,37628.0,95.29453477181787,28,23733,24,13898,20.0,11167,42.0,30.0
1041,RECLTD,2024,47517,-366,47883.0,100.7702506471368,48,29948,24,17960,21.0,14145,54.0,30.0
1043,RELIANCE,2013,395957,362802,33155.0,8.373383978563329,7757,3463,11232,26217,20.0,20886,15.0,13.0
1044,RELIANCE,2014,433521,398586,34935.0,8.058433155487277,8865,3836,11201,28763,22.0,22548,16.0,12.0
1045,RELIANCE,2015,374372,336923,37449.0,10.003151945124102,8528,3316,11547,31114,24.0,23640,17.0,12.0
1046,RELIANCE,2016,272583,230802,41781.0,15.327808410649233,12212,3691,11565,38737,23.0,29861,22.0,10.0
1047,RELIANCE,2017,303954,257647,46307.0,15.234871066016566,9222,3849,11646,40034,25.0,29833,22.0,11.0
1048,RELIANCE,2018,390823,326508,64315.0,16.456298631349743,9869,8052,16706,49426,27.0,36080,27.0,10.0
1049,RELIANCE,2019,568337,484087,84250.0,14.823951282425742,8406,16495,20934,55227,28.0,39837,29.0,10.0
1050,RELIANCE,2020,596679,507413,89266.0,14.960472884080051,8570,22027,22203,53606,26.0,39880,29.0,10.0
1051,RELIANCE,2021,466307,385517,80790.0,17.32549586431257,22432,21189,26572,55461,3.0,53739,39.0,9.0
1052,RELIANCE,2022,694673,586092,108581.0,15.630519683361813,19600,14584,29782,83815,19.0,67845,45.0,9.0
1053,RELIANCE,2023,876396,734078,142318.0,16.239006111392566,12020,19571,40303,94464,22.0,74088,49.0,9.0
1054,RELIANCE,2024,899041,736543,162498.0,18.07459281612296,16179,23118,50832,104727,25.0,79020,51.0,10.0
1056,SBILIFE,2013,14870,14443,427.0,2.8715534633490245,292,4,25,690,9.0,630,6.0,8.0
1057,SBILIFE,2014,17258,16747,511.0,2.9609456483949472,344,5,35,816,11.0,728,7.0,14.0
1058,SBILIFE,2015,23399,22505,794.0,3.3933074062994146,183,4,34,939,13.0,815,8.0,15.0
1059,SBILIFE,2016,19324,18404,920.0,4.760919064375906,129,5,37,1007,16.0,844,8.0,14.0
1060,SBILIFE,2017,30548,29479,1068.0,3.496137226659683,139,5,48,1154,17.0,955,10.0,16.0
1061,SBILIFE,2018,34068,32736,1332.0,3.9098274040154988,156,6,59,1422,19.0,1150,12.0,17.0
1062,SBILIFE,2019,44604,43130,1474.0,3.304636355483813,266,8,92,1642,19.0,1327,13.0,15.0
1063,SBILIFE,2020,43798,42447,1351.0,3.0846157358783506,529,0,89,1790,21.0,1422,14.0,0.0
1064,SBILIFE,2021,81913,81040,872.0,1.0645440894607694,867,0,99,1640,11.0,1456,15.0,17.0
1065,SBILIFE,2022,82983,82254,730.0,0.8796982514490921,1032,0,75,1687,11.0,1506,15.0,13.0
1066,SBILIFE,2023,80636,80514,122.0,0.15129718736048417,1862,10,68,1906,10.0,1721,17.0,15.0
1067,SBILIFE,2024,131988,131742,246.0,0.18638058005273206,1917,9,76,2078,9.0,1894,19.0,14.0
1069,SBIN,2013,167976,66283,-5124.0,-3.0504357765395054,32584,106818,1577,25882,29.0,18555,26.0,16.0
1070,SBIN,2014,189062,82198,-14614.0,-7.729739450550613,37882,121479,1942,21326,32.0,14807,19.0,16.0
1071,SBIN,2015,207974,96675,-21879.0,-10.520065008126016,49315,133179,1581,25855,32.0,17832,23.0,15.0
1072,SBIN,2016,220633,109985,-32399.0,-14.684566678602023,52828,143047,2252,18177,30.0,13019,16.0,17.0
1073,SBIN,2017,230447,145666,-64334.0,-27.917048171596942,68193,149115,2915,945,99.0,-97,0.0,859.0
1074,SBIN,2018,228970,169065,-86697.0,-37.86391230292178,77557,146603,3105,-12245,-66.0,-3749,-5.0,0.0
1075,SBIN,2019,253322,166104,-68649.0,-27.099501819818254,77365,155867,3496,5220,41.0,3351,3.0,0.0
1076,SBIN,2020,269852,172909,-64181.0,-23.78377777448379,98159,161124,3662,30317,40.0,21140,22.0,0.0
1077,SBIN,2021,278115,192821,-70715.0,-25.426532189921435,107222,156010,3711,32796,26.0,23888,25.0,16.0
1078,SBIN,2022,289973,197349,-63570.0,-21.92273073699965,117000,156194,3691,49739,27.0,37183,40.0,18.0
1079,SBIN,2023,350845,204303,-43439.0,-12.381250979777395,122534,189981,3696,75399,25.0,57750,62.0,18.0
1080,SBIN,2024,439189,239750,-60297.0,-13.729168991026642,155386,259736,3849,91240,25.0,69543,75.0,18.0
1082,SHREECEM,2013,5418,3857,1561.0,28.811369509043928,187,193,436,1119,10.0,1004,288.0,7.0
1083,SHREECEM,2014,5715,4325,1390.0,24.32195975503062,104,129,550,815,3.0,787,226.0,10.0
1084,SHREECEM,2015,6259,4916,1344.0,21.47307876657613,102,121,925,401,-6.0,426,122.0,20.0
1085,SHREECEM,2016,5514,4107,1407.0,25.516866158868336,673,76,828,1176,3.0,1143,328.0,7.0
1086,SHREECEM,2017,8594,6081,2513.0,29.24133116127531,362,129,1215,1531,13.0,1339,384.0,36.0
1087,SHREECEM,2018,9833,7360,2473.0,25.15000508491813,389,135,899,1827,24.0,1384,397.0,13.0
1088,SHREECEM,2019,12555,9758,2797.0,22.277976901632815,69,248,1472,1146,11.0,1015,289.0,21.0
1089,SHREECEM,2020,12868,9098,3771.0,29.305253341622628,263,291,1808,1934,20.0,1544,426.0,26.0
1090,SHREECEM,2021,13560,9468,4091.0,30.169616519174042,426,251,1262,3004,24.0,2337,646.0,9.0
1091,SHREECEM,2022,15010,11300,3710.0,24.716855429713526,544,263,1146,2892,19.0,1269,352.0,14.0
1092,SHREECEM,2023,17852,14893,2960.0,16.580775263275825,459,263,1661,1495,15.0,2369,664.0,28.0
1093,SHREECEM,2024,20521,16003,4518.0,22.01647093221578,597,258,1897,2959,19.0,1733,480.0,16.0
1095,SHRIRAMFIN,2013,7009,1738,2179.0,31.088600370951635,7,3092,23,2163,32.0,1463,12.0,11.0
1096,SHRIRAMFIN,2014,8476,2244,1999.0,23.58423784804153,4,4233,33,1970,31.0,1358,11.0,12.0
1097,SHRIRAMFIN,2015,9177,2781,1691.0,18.426501035196686,2,4706,43,1650,38.0,1028,8.0,22.0
1098,SHRIRAMFIN,2016,10359,3447,1824.0,17.607877208224732,3,5088,38,1789,34.0,1184,9.0,19.0
1099,SHRIRAMFIN,2017,10903,3712,1972.0,18.08676511052004,1,5219,35,1938,35.0,1266,10.0,7.0
1100,SHRIRAMFIN,2018,13502,3288,3805.0,28.181010220708043,127,6409,37,3896,35.0,2549,20.0,10.0
1101,SHRIRAMFIN,2019,15536,4171,3801.0,24.465756951596294,20,7564,43,3778,32.0,2576,20.0,11.0
1102,SHRIRAMFIN,2020,16561,4683,3565.0,21.526477869693856,14,8313,141,3439,27.0,2512,20.0,5.0
1103,SHRIRAMFIN,2021,17422,4932,3402.0,19.527034783606933,14,9089,137,3278,24.0,2499,18.0,18.0
1104,SHRIRAMFIN,2022,19255,5816,3666.0,19.03921059465074,18,9773,135,3549,24.0,2721,20.0,20.0
1105,SHRIRAMFIN,2023,30492,8706,8799.0,28.856749311294767,16,12987,601,8214,27.0,6020,32.0,22.0
1106,SHRIRAMFIN,2024,36388,10278,10523.0,28.918874354182698,25,15588,588,9960,26.0,7399,39.0,23.0
1108,SIEMENS,2011,11955,10784,1171.0,9.795064826432455,299,26,154,1290,33.0,868,,24.0
1109,SIEMENS,2014,10678,10559,119.0,1.1144409065368046,985,31,229,844,28.0,603,17.0,35.0
1110,SIEMENS,2015,10563,9565,998.0,9.448073463978037,943,30,224,1688,30.0,1174,33.0,30.0
1111,SIEMENS,2016,10837,9815,1021.0,9.421426594075852,3156,11,228,3938,26.0,2914,82.0,41.0
1112,SIEMENS,2017,11065,10008,1056.0,9.543605964753727,818,8,198,1669,32.0,1137,32.0,22.0
1113,SIEMENS,2018,12795,11468,1327.0,10.371238765142634,280,8,198,1402,36.0,901,25.0,28.0
1114,SIEMENS,2019,13084,11594,1490.0,11.38795475389789,398,12,199,1678,34.0,1099,31.0,23.0
1115,SIEMENS,2020,9946,8944,1003.0,10.08445606273879,315,30,252,1036,26.0,769,22.0,32.0
1116,SIEMENS,2021,13198,11746,1452.0,11.001666919230187,321,24,297,1452,25.0,1089,31.0,26.0
1117,SIEMENS,2022,16138,14278,1860.0,11.525591770975337,487,36,317,1993,23.0,1543,43.0,23.0
1118,SIEMENS,2023,19554,17067,2487.0,12.718625345197914,496,23,321,2640,26.0,1962,55.0,18.0
1119,SIEMENS,2024,22240,19136,3104.0,13.956834532374101,925,60,330,3639,25.0,2718,76.0,16.0
1120,SUNPHARMA,2013,11131,6346,4784.0,42.979067469230074,-90,43,336,4315,20.0,3469,14.0,9.0
1121,SUNPHARMA,2014,16080,9078,7003.0,43.55099502487562,-1968,44,409,4581,15.0,3879,15.0,10.0
1122,SUNPHARMA,2015,27392,19498,7894.0,28.818633177570092,283,579,1195,6403,14.0,5476,22.0,14.0
1123,SUNPHARMA,2016,28487,20313,8174.0,28.693790149892934,-42,523,1038,6571,14.0,5658,19.0,5.0
1124,SUNPHARMA,2017,31578,21476,10102.0,31.99062638545823,610,400,1265,9048,13.0,7846,29.0,12.0
1125,SUNPHARMA,2018,26489,20858,5631.0,21.257880629695343,-135,518,1500,3479,26.0,2542,9.0,23.0
1126,SUNPHARMA,2019,29066,22689,6377.0,21.939723388151105,-258,555,1753,3810,16.0,3208,11.0,25.0
1127,SUNPHARMA,2020,32838,25855,6983.0,21.264997868323285,382,303,2053,5010,16.0,4172,16.0,25.0
1128,SUNPHARMA,2021,33498,25028,8470.0,25.285091647262526,-3449,141,2080,2799,18.0,2272,12.0,62.0
1129,SUNPHARMA,2022,38654,28397,10258.0,26.538003828840484,-3505,127,2144,4481,24.0,3389,14.0,73.0
1130,SUNPHARMA,2023,43886,32235,11650.0,26.546051132479608,459,172,2529,9408,9.0,8513,35.0,33.0
1131,SUNPHARMA,2024,48497,35479,13018.0,26.84289749881436,865,238,2557,11088,13.0,9610,40.0,34.0
1133,TATACONSUM,2013,7351,6581,770.0,10.474765338049245,56,84,105,637,26.0,445,6.0,36.0
1134,TATACONSUM,2014,7738,6986,752.0,9.7182734556733,170,87,129,707,26.0,510,7.0,29.0
1135,TATACONSUM,2015,7993,7201,792.0,9.908670086325534,-77,82,133,500,43.0,273,4.0,6.0
1136,TATACONSUM,2016,6637,6271,366.0,5.514539701672443,38,117,117,170,99.0,-37,0.0,-999.0
1137,TATACONSUM,2017,6780,5988,791.0,11.666666666666666,88,43,126,662,30.0,455,6.0,38.0
1138,TATACONSUM,2018,6815,5976,839.0,12.311078503301541,73,52,116,753,25.0,556,8.0,30.0
1139,TATACONSUM,2019,7252,6466,786.0,10.83838940981798,124,78,123,735,36.0,457,6.0,39.0
1140,TATACONSUM,2020,9637,8345,1292.0,13.406661824219155,-163,69,242,809,34.0,460,5.0,54.0
1141,TATACONSUM,2021,11602,10058,1544.0,13.308050336148941,91,73,255,1311,24.0,930,9.0,44.0
1142,TATACONSUM,2022,12425,10707,1719.0,13.835010060362174,88,87,278,1456,26.0,1015,10.0,60.0
1143,TATACONSUM,2023,13783,11927,1856.0,13.465863745193355,328,130,304,1794,25.0,1320,12.0,65.0
1144,TATACONSUM,2024,15206,12922,2284.0,15.020386689464685,-81,87,377,1696,23.0,1215,12.0,64.0
1146,TATAMOTORS,2013,188793,164197,24596.0,13.02802540348424,213,3560,7601,13647,28.0,9976,35.0,6.0
1147,TATAMOTORS,2014,232834,197980,34853.0,14.96903373218688,-157,4749,11078,18869,25.0,14050,48.0,5.0
1148,TATAMOTORS,2015,263159,223920,39239.0,14.910757374819026,714,4861,13389,21703,35.0,14073,48.0,0.0
1149,TATAMOTORS,2016,273046,234650,38395.0,14.061733187814507,-2670,4889,16711,14126,21.0,11678,40.0,1.0
1150,TATAMOTORS,2017,269693,240104,29589.0,10.971363735803303,1869,4238,17905,9315,35.0,7557,26.0,0.0
1151,TATAMOTORS,2018,291550,260093,31458.0,10.789915966386554,5933,4682,21554,11155,39.0,9091,31.0,0.0
1152,TATAMOTORS,2019,301938,277274,24664.0,8.16856440726242,-26686,5759,23591,-31371,-8.0,-28724,-100.0,0.0
1153,TATAMOTORS,2020,261068,243081,17987.0,6.889775843841452,102,7243,21425,-10580,4.0,-11975,-39.0,0.0
1154,TATAMOTORS,2021,249795,217507,32287.0,12.92539882703817,-11118,8097,23547,-10474,24.0,-13395,-41.0,0.0
1155,TATAMOTORS,2022,278454,253734,24720.0,8.877588398801956,2424,9312,24836,-7003,60.0,-11309,-34.0,0.0
1156,TATAMOTORS,2023,345967,314151,31816.0,9.196252821800924,6664,10225,24860,3394,21.0,2690,7.0,32.0
1157,TATAMOTORS,2024,437928,378389,59538.0,13.595385542828959,5673,9986,27270,27955,-14.0,31807,94.0,7.0
1159,TATAPOWER,2013,33177,27583,5595.0,16.864092594267113,375,2642,2052,1277,92.0,123,0.0,-319.0
1160,TATAPOWER,2014,35726,28810,6916.0,19.35845042825953,229,3440,2730,975,99.0,12,-1.0,-114.0
1161,TATAPOWER,2015,33593,27292,6301.0,18.756883874616737,1056,3699,2174,1484,72.0,457,1.0,210.0
1162,TATAPOWER,2016,29494,27389,2105.0,7.137044822675799,4060,3236,1649,1281,53.0,786,2.0,53.0
1163,TATAPOWER,2017,27588,22114,5473.0,19.838335508191967,1297,3365,1956,1450,24.0,1100,3.0,39.0
1164,TATAPOWER,2018,26840,24545,2295.0,8.550670640834575,6586,3761,2346,2773,6.0,2611,9.0,15.0
1165,TATAPOWER,2019,29881,26811,3070.0,10.27408721261002,7186,4170,2393,3693,29.0,2606,9.0,15.0
1166,TATAPOWER,2020,29136,22331,6805.0,23.355985722130697,2280,4494,2634,1958,33.0,1316,4.0,41.0
1167,TATAPOWER,2021,32703,25782,6921.0,21.163196037060818,1775,4010,2745,1941,26.0,1439,4.0,44.0
1168,TATAPOWER,2022,42816,35785,7031.0,16.421431240657697,2486,3859,3122,2535,15.0,2156,5.0,32.0
1169,TATAPOWER,2023,55109,47381,7728.0,14.023117821045563,5540,4372,3439,5457,30.0,3810,10.0,19.0
1170,TATAPOWER,2024,61449,50714,10735.0,17.469771680580646,3416,4633,3786,5732,25.0,4280,12.0,17.0
1172,TATASTEEL,2013,134712,130746,3965.0,2.943316111408041,1445,3968,5575,-4133,78.0,-7272,-6.0,-11.0
1173,TATASTEEL,2014,148614,132430,16184.0,10.889956531686112,716,4337,5841,6722,45.0,3665,3.0,27.0
1174,TATASTEEL,2015,139504,136095,3409.0,2.4436575295332035,5994,4848,5944,-1388,99.0,-3939,-3.0,-20.0
1175,TATASTEEL,2016,101965,102590,-625.0,-0.6129554258814298,10346,4221,5306,193,99.0,-497,0.0,-203.0
1176,TATASTEEL,2017,112299,99156,13144.0,11.704467537555988,-3789,5072,5673,-1391,99.0,-4169,-4.0,-23.0
1177,TATASTEEL,2018,123249,101816,21433.0,17.38999910749783,10898,5455,5742,21135,16.0,17743,12.0,9.0
1178,TATASTEEL,2019,157669,128351,29318.0,18.59465081912107,1524,7660,7342,15841,42.0,9122,9.0,15.0
1179,TATASTEEL,2020,139817,122354,17463.0,12.489897508886616,-2884,7533,8441,-1395,-99.0,1174,1.0,74.0
1180,TATASTEEL,2021,156294,125790,30504.0,19.517063994779072,180,7607,9234,13844,41.0,8190,6.0,40.0
1181,TATASTEEL,2022,243959,180469,63490.0,26.02486483384503,1300,5462,9101,50227,17.0,41749,33.0,16.0
1182,TATASTEEL,2023,243353,211053,32300.0,13.272899861518042,1569,6299,9335,18235,56.0,8075,7.0,50.0
1183,TATASTEEL,2024,229171,206923,22248.0,9.70803461170916,-6005,7508,9882,-1147,99.0,-4910,-4.0,-101.0
1185,TCS,2013,62989,44950,18040.0,28.639921256092332,1178,48,1080,18090,22.0,14076,36.0,31.0
1186,TCS,2014,81809,56657,25153.0,30.746005940666677,1637,39,1349,25402,24.0,19332,49.0,33.0
1187,TCS,2015,94648,70167,24482.0,25.866368016228552,3720,104,1799,26298,24.0,20060,51.0,78.0
1188,TCS,2016,108646,77969,30677.0,28.2357380851573,3084,33,1888,31840,24.0,24338,62.0,35.0
1189,TCS,2017,117966,85655,32311.0,27.390095451231712,4221,32,1987,34513,24.0,26357,67.0,35.0
1190,TCS,2018,123104,90588,32516.0,26.41343904341045,3642,52,2014,34092,24.0,25880,67.0,37.0
1191,TCS,2019,146463,106957,39506.0,26.973365286795982,4311,198,2056,41563,24.0,31562,84.0,36.0
1192,TCS,2020,156949,114840,42109.0,26.829734499741953,4592,924,3529,42248,23.0,32447,86.0,85.0
1193,TCS,2021,164177,117631,46546.0,28.351108864213625,1916,637,4065,43760,26.0,32562,88.0,43.0
1194,TCS,2022,191754,138697,53057.0,27.669305464292794,4018,784,4604,51687,26.0,38449,105.0,41.0
1195,TCS,2023,225458,166199,59259.0,26.283831134845514,3449,779,5022,56907,26.0,42303,115.0,100.0
1196,TCS,2024,240893,176597,64296.0,26.690688396923118,3464,778,4985,61997,26.0,46099,127.0,58.0
1198,TECHM,2013,6873,5451,1422.0,20.689655172413794,-141,103,200,978,24.0,1307,25.0,5.0
1199,TECHM,2014,18802,14630,4172.0,22.189128816083397,244,80,522,3815,20.0,3062,32.0,15.0
1200,TECHM,2015,22621,18428,4193.0,18.535873745634586,106,69,611,3618,27.0,2659,27.0,22.0
1201,TECHM,2016,26494,22234,4260.0,16.0791122518306,453,97,759,3857,22.0,3027,31.0,35.0
1202,TECHM,2017,29141,24956,4184.0,14.357777701520194,775,129,978,3853,26.0,2851,29.0,28.0
1203,TECHM,2018,30773,26063,4710.0,15.305625060930037,1417,162,1085,4879,22.0,3786,39.0,33.0
1204,TECHM,2019,34742,28471,6271.0,18.050198606873526,534,133,1129,5543,23.0,4289,44.0,29.0
1205,TECHM,2020,36868,31365,5503.0,14.926223283063903,1192,192,1446,5058,23.0,3897,42.0,32.0
1206,TECHM,2021,37855,31059,6796.0,17.952714304583278,788,174,1458,5953,27.0,4353,46.0,89.0
1207,TECHM,2022,44646,36626,8020.0,17.963535367110158,1115,163,1520,7452,24.0,5630,57.0,47.0
1208,TECHM,2023,53290,45527,7763.0,14.567461062112965,965,326,1957,6446,25.0,4857,50.0,91.0
1209,TECHM,2024,51996,47489,4506.0,8.666051234710363,927,392,1817,3224,26.0,2397,24.0,150.0
1211,TITAN,2013,10123,9109,1014.0,10.01679344067964,99,51,56,1006,28.0,725,8.0,26.0
1212,TITAN,2014,10927,9880,1047.0,9.581769927702021,117,87,68,1010,27.0,735,8.0,25.0
1213,TITAN,2015,11913,10761,1153.0,9.678502476286411,67,81,90,1049,22.0,816,9.0,25.0
1214,TITAN,2016,11276,10337,939.0,8.32742107130188,69,42,98,868,22.0,675,8.0,29.0
1215,TITAN,2017,13261,12097,1164.0,8.777618580800844,-42,38,111,973,28.0,697,8.0,32.0
1216,TITAN,2018,16120,14476,1644.0,10.198511166253102,70,53,131,1530,28.0,1102,13.0,29.0
1217,TITAN,2019,19779,17785,1994.0,10.081399464078062,178,53,163,1957,29.0,1389,16.0,32.0
1218,TITAN,2020,21052,18589,2463.0,11.69960098802964,153,166,348,2102,29.0,1493,17.0,24.0
1219,TITAN,2021,21644,19919,1725.0,7.969876178155609,180,203,375,1327,27.0,974,11.0,37.0
1220,TITAN,2022,28799,25455,3344.0,11.611514288690579,177,218,399,2904,24.0,2198,24.0,31.0
1221,TITAN,2023,40575,35693,4882.0,12.03203943314849,306,300,441,4447,26.0,3274,37.0,27.0
1222,TITAN,2024,51084,45792,5292.0,10.359408033826638,534,619,584,4623,24.0,3496,39.0,28.0
1224,TORNTPHARM,2013,3203,2506,697.0,21.76084920387137,1,34,83,582,25.0,435,13.0,45.0
1225,TORNTPHARM,2014,4172,3216,955.0,22.890699904122723,34,59,87,844,21.0,664,20.0,25.0
1226,TORNTPHARM,2015,4636,3616,1020.0,22.001725625539258,286,175,191,940,20.0,751,22.0,25.0
1227,TORNTPHARM,2016,6687,3954,2733.0,40.87034544638852,32,184,238,2343,26.0,1733,51.0,34.0
1228,TORNTPHARM,2017,5816,4438,1377.0,23.676066024759283,223,206,307,1088,14.0,934,28.0,25.0
1229,TORNTPHARM,2018,5950,4601,1349.0,22.672268907563026,299,308,409,931,27.0,678,20.0,35.0
1230,TORNTPHARM,2019,7673,5690,1983.0,25.843868108953473,-300,504,618,562,22.0,436,13.0,66.0
1231,TORNTPHARM,2020,7939,5769,2170.0,27.333417306965615,121,451,654,1187,14.0,1025,30.0,53.0
1232,TORNTPHARM,2021,8005,5524,2480.0,30.98063710181137,57,353,658,1526,18.0,1252,37.0,47.0
1233,TORNTPHARM,2022,8508,6077,2431.0,28.573107663375648,-288,255,662,1226,37.0,777,23.0,105.0
1234,TORNTPHARM,2023,9620,6778,2842.0,29.54261954261954,45,333,707,1847,33.0,1245,37.0,60.0
1235,TORNTPHARM,2024,10728,7360,3368.0,31.3944817300522,146,354,808,2352,30.0,1656,49.0,57.0
1237,TRENT,2013,2132,2128,5.0,0.23452157598499063,58,29,45,-10,99.0,-27,-1.0,-87.0
1238,TRENT,2014,2333,2343,-10.0,-0.42863266180882986,91,26,54,1,99.0,-19,-1.0,-125.0
1239,TRENT,2015,2284,2196,88.0,3.852889667250438,208,22,75,200,35.0,129,4.0,26.0
1240,TRENT,2016,1686,1596,90.0,5.338078291814947,86,48,39,90,39.0,55,2.0,54.0
1241,TRENT,2017,1812,1679,134.0,7.39514348785872,81,46,41,128,34.0,85,3.0,39.0
1242,TRENT,2018,2157,1949,208.0,9.643022716736208,27,44,46,147,41.0,87,3.0,44.0
1243,TRENT,2019,2630,2390,241.0,9.163498098859316,30,51,52,165,44.0,95,3.0,45.0
1244,TRENT,2020,3486,2957,529.0,15.174985656913368,147,263,247,165,36.0,106,3.0,29.0
1245,TRENT,2021,2593,2479,114.0,4.3964519861164675,199,261,257,-205,-12.0,-181,-4.0,-15.0
1246,TRENT,2022,4498,3903,595.0,13.228101378390395,152,325,311,111,69.0,35,3.0,57.0
1247,TRENT,2023,8242,7128,1114.0,13.516136859985439,341,409,494,552,29.0,394,13.0,18.0
1248,TRENT,2024,12375,10404,1971.0,15.927272727272726,989,368,671,1921,23.0,1477,42.0,8.0
1250,TVSMOTOR,2013,7510,7072,438.0,5.832223701731025,130,103,176,290,32.0,198,4.0,30.0
1251,TVSMOTOR,2014,8384,7892,492.0,5.868320610687023,44,80,149,307,39.0,187,4.0,37.0
1252,TVSMOTOR,2015,10256,9650,605.0,5.898985959438377,80,62,179,444,28.0,328,7.0,28.0
1253,TVSMOTOR,2016,11377,10558,819.0,7.198734288476752,93,70,262,580,26.0,429,9.0,28.0
1254,TVSMOTOR,2017,12463,11591,871.0,6.988686512075744,163,60,317,658,23.0,509,11.0,23.0
1255,TVSMOTOR,2018,16340,14769,1571.0,9.614443084455324,71,338,374,931,29.0,665,14.0,24.0
1256,TVSMOTOR,2019,20160,17997,2163.0,10.729166666666666,25,663,442,1083,33.0,725,15.0,24.0
1257,TVSMOTOR,2020,18849,16585,2264.0,12.011247281022866,12,855,556,865,25.0,647,13.0,27.0
1258,TVSMOTOR,2021,19421,17189,2232.0,11.49271407239586,36,881,565,822,26.0,608,13.0,28.0
1259,TVSMOTOR,2022,24355,21601,2755.0,11.311845616916443,-5,940,743,1067,31.0,731,16.0,24.0
1260,TVSMOTOR,2023,31974,27947,4027.0,12.594608119096767,136,1368,859,1936,32.0,1309,28.0,18.0
1261,TVSMOTOR,2024,39145,33645,5500.0,14.050325712096054,106,1928,975,2703,34.0,1779,36.0,23.0
1362,INDIGO,2013,9203,73,8348.0,90.7095512332935,9,296,86,993,21.0,787,25647.0,70.0
1363,INDIGO,2014,11117,123,10684.0,96.10506431591257,4,391,226,475,0.0,474,15454.0,80.0
1364,INDIGO,2015,13925,150,12022.0,86.33393177737881,14,395,302,1847,29.0,1304,42481.0,83.0
1365,INDIGO,2016,16140,350,12976.0,80.39653035935564,20,515,505,2824,30.0,1986,55.0,27.0
1366,INDIGO,2017,18580,406,16362.0,88.06243272335846,12,789,457,2144,23.0,1659,46.0,74.0
1367,INDIGO,2018,23021,413,19991.0,86.8381043395161,13,947,437,3127,28.0,2242,58.0,10.0
1368,INDIGO,2019,28497,563,28648.0,100.52988033828123,-1,1325,760,-149,-99.0,156,4.0,123.0
1369,INDIGO,2020,35756,1902,31687.0,88.62009173285603,11,1531,3974,-275,-10.0,-248,-6.0,0.0
1370,INDIGO,2021,14641,2170,14638.0,99.97950959633904,0,1036,4699,-5830,0.0,-6171,-151.0,0.0
1371,INDIGO,2022,25931,2386,25373.0,97.84813543635032,2,725,5068,-6171,0.0,-317,-160.0,0.0
1372,INDIGO,2023,54446,3168,47926.0,88.02483194357713,12,1431,5101,-317,0.0,-317,-8.0,0.0
1373,INDIGO,2024,68904,4805,52573.0,76.29890862649484,24,2326,6406,8043,-2.0,8167,212.0,0.0
