company_id,previous_year,year,previous_pattern,current_pattern,changed
ABB,2012,2014,Reinvestor,Reinvestor,False
ABB,2014,2015,Reinvestor,Reinvestor,False
ABB,2015,2016,Reinvestor,Reinvestor,False
ABB,2016,2017,Reinvestor,Reinvestor,False
ABB,2017,2018,Reinvestor,Reinvestor,False
ABB,2018,2019,Reinvestor,Reinvestor,False
ABB,2019,2020,Reinvestor,Reinvestor,False
ABB,2020,2021,Reinvestor,Reinvestor,False
ABB,2021,2022,Reinvestor,Reinvestor,False
ABB,2022,2023,Reinvestor,Reinvestor,False
ABB,2023,2024,Reinvestor,Reinvestor,False
ADANIENSOL,2014,2015,Mixed,Growth Funded by Debt,True
ADANIENSOL,2015,2016,Growth Funded by Debt,Reinvestor,True
ADANIENSOL,2016,2017,Reinvestor,Reinvestor,False
ADANIENSOL,2017,2018,Reinvestor,Mixed,True
ADANIENSOL,2018,2019,Mixed,Mixed,False
ADANIENSOL,2019,2020,Mixed,Mixed,False
ADANIENSOL,2020,2021,Mixed,Reinvestor,True
ADANIENSOL,2021,2022,Reinvestor,Reinvestor,False
ADANIENSOL,2022,2023,Reinvestor,Mixed,True
ADANIENSOL,2023,2024,Mixed,Reinvestor,True
ADANIENT,2013,2014,Mixed,Reinvestor,True
ADANIENT,2014,2015,Reinvestor,Mixed,True
ADANIENT,2015,2016,Mixed,Reinvestor,True
ADANIENT,2016,2017,Reinvestor,Mixed,True
ADANIENT,2017,2018,Mixed,Mixed,False
ADANIENT,2018,2019,Mixed,Liquidating Assets,True
ADANIENT,2019,2020,Liquidating Assets,Reinvestor,True
ADANIENT,2020,2021,Reinvestor,Mixed,True
ADANIENT,2021,2022,Mixed,Mixed,False
ADANIENT,2022,2023,Mixed,Reinvestor,True
ADANIENT,2023,2024,Reinvestor,Mixed,True
ADANIGREEN,2017,2018,Mixed,Mixed,False
ADANIGREEN,2018,2019,Mixed,Mixed,False
ADANIGREEN,2019,2020,Mixed,Mixed,False
ADANIGREEN,2020,2021,Mixed,Mixed,False
ADANIGREEN,2021,2022,Mixed,Mixed,False
ADANIGREEN,2022,2023,Mixed,Reinvestor,True
ADANIGREEN,2023,2024,Reinvestor,Mixed,True
ADANIPORTS,2013,2014,Mixed,Mixed,False
ADANIPORTS,2014,2015,Mixed,Reinvestor,True
ADANIPORTS,2015,2016,Reinvestor,Mixed,True
ADANIPORTS,2016,2017,Mixed,Reinvestor,True
ADANIPORTS,2017,2018,Reinvestor,Reinvestor,False
ADANIPORTS,2018,2019,Reinvestor,Mixed,True
ADANIPORTS,2019,2020,Mixed,Reinvestor,True
ADANIPORTS,2020,2021,Reinvestor,Mixed,True
ADANIPORTS,2021,2022,Mixed,Reinvestor,True
ADANIPORTS,2022,2023,Reinvestor,Reinvestor,False
ADANIPORTS,2023,2024,Reinvestor,Reinvestor,False
ADANIPOWER,2013,2014,Mixed,Mixed,False
ADANIPOWER,2014,2015,Mixed,Reinvestor,True
ADANIPOWER,2015,2016,Reinvestor,Reinvestor,False
ADANIPOWER,2016,2017,Reinvestor,Reinvestor,False
ADANIPOWER,2017,2018,Reinvestor,Reinvestor,False
ADANIPOWER,2018,2019,Reinvestor,Reinvestor,False
ADANIPOWER,2019,2020,Reinvestor,Reinvestor,False
ADANIPOWER,2020,2021,Reinvestor,Reinvestor,False
ADANIPOWER,2021,2022,Reinvestor,Liquidating Assets,True
ADANIPOWER,2022,2023,Liquidating Assets,Liquidating Assets,False
ADANIPOWER,2023,2024,Liquidating Assets,Liquidating Assets,False
AMBUJACEM,2012,2013,Reinvestor,Reinvestor,False
AMBUJACEM,2013,2014,Reinvestor,Reinvestor,False
AMBUJACEM,2014,2015,Reinvestor,Reinvestor,False
AMBUJACEM,2015,2016,Reinvestor,Reinvestor,False
AMBUJACEM,2016,2017,Reinvestor,Reinvestor,False
AMBUJACEM,2017,2018,Reinvestor,Reinvestor,False
AMBUJACEM,2018,2019,Reinvestor,Reinvestor,False
AMBUJACEM,2019,2020,Reinvestor,Reinvestor,False
AMBUJACEM,2020,2021,Reinvestor,Reinvestor,False
AMBUJACEM,2021,2023,Reinvestor,Mixed,True
AMBUJACEM,2023,2024,Mixed,Mixed,False
APOLLOHOSP,2013,2014,Mixed,Reinvestor,True
APOLLOHOSP,2014,2015,Reinvestor,Mixed,True
APOLLOHOSP,2015,2016,Mixed,Mixed,False
APOLLOHOSP,2016,2017,Mixed,Mixed,False
APOLLOHOSP,2017,2018,Mixed,Reinvestor,True
APOLLOHOSP,2018,2019,Reinvestor,Reinvestor,False
APOLLOHOSP,2019,2020,Reinvestor,Reinvestor,False
APOLLOHOSP,2020,2021,Reinvestor,Reinvestor,False
APOLLOHOSP,2021,2022,Reinvestor,Reinvestor,False
APOLLOHOSP,2022,2023,Reinvestor,Reinvestor,False
APOLLOHOSP,2023,2024,Reinvestor,Reinvestor,False
ASIANPAINT,2013,2014,Reinvestor,Reinvestor,False
ASIANPAINT,2014,2015,Reinvestor,Reinvestor,False
ASIANPAINT,2015,2016,Reinvestor,Reinvestor,False
ASIANPAINT,2016,2017,Reinvestor,Reinvestor,False
ASIANPAINT,2017,2018,Reinvestor,Reinvestor,False
ASIANPAINT,2018,2019,Reinvestor,Reinvestor,False
ASIANPAINT,2019,2020,Reinvestor,Reinvestor,False
ASIANPAINT,2020,2021,Reinvestor,Reinvestor,False
ASIANPAINT,2021,2022,Reinvestor,Reinvestor,False
ASIANPAINT,2022,2023,Reinvestor,Reinvestor,False
ASIANPAINT,2023,2024,Reinvestor,Reinvestor,False
ATGL,2018,2019,Mixed,Liquidating Assets,True
ATGL,2019,2020,Liquidating Assets,Reinvestor,True
ATGL,2020,2021,Reinvestor,Mixed,True
ATGL,2021,2022,Mixed,Mixed,False
ATGL,2022,2023,Mixed,Mixed,False
ATGL,2023,2024,Mixed,Reinvestor,True
AXISBANK,2013,2014,Mixed,Mixed,False
AXISBANK,2014,2015,Mixed,Growth Funded by Debt,True
AXISBANK,2015,2016,Growth Funded by Debt,Distress Signal,True
AXISBANK,2016,2017,Distress Signal,Reinvestor,True
AXISBANK,2017,2018,Reinvestor,Growth Funded by Debt,True
AXISBANK,2018,2019,Growth Funded by Debt,Mixed,True
AXISBANK,2019,2020,Mixed,Mixed,False
AXISBANK,2020,2021,Mixed,Mixed,False
AXISBANK,2021,2022,Mixed,Mixed,False
AXISBANK,2022,2023,Mixed,Mixed,False
AXISBANK,2023,2024,Mixed,Growth Funded by Debt,True
BAJAJ-AUTO,2013,2014,Reinvestor,Reinvestor,False
BAJAJ-AUTO,2014,2015,Reinvestor,Reinvestor,False
BAJAJ-AUTO,2015,2016,Reinvestor,Reinvestor,False
BAJAJ-AUTO,2016,2017,Reinvestor,Reinvestor,False
BAJAJ-AUTO,2017,2018,Reinvestor,Reinvestor,False
BAJAJ-AUTO,2018,2019,Reinvestor,Reinvestor,False
BAJAJ-AUTO,2019,2020,Reinvestor,Liquidating Assets,True
BAJAJ-AUTO,2020,2021,Liquidating Assets,Reinvestor,True
BAJAJ-AUTO,2021,2022,Reinvestor,Liquidating Assets,True
BAJAJ-AUTO,2022,2023,Liquidating Assets,Liquidating Assets,False
BAJAJ-AUTO,2023,2024,Liquidating Assets,Reinvestor,True
BAJAJFINSV,2013,2014,Distress Signal,Distress Signal,False
BAJAJFINSV,2014,2015,Distress Signal,Distress Signal,False
BAJAJFINSV,2015,2016,Distress Signal,Growth Funded by Debt,True
BAJAJFINSV,2016,2017,Growth Funded by Debt,Distress Signal,True
BAJAJFINSV,2017,2018,Distress Signal,Growth Funded by Debt,True
BAJAJFINSV,2018,2019,Growth Funded by Debt,Growth Funded by Debt,False
BAJAJFINSV,2019,2020,Growth Funded by Debt,Growth Funded by Debt,False
BAJAJFINSV,2020,2021,Growth Funded by Debt,Mixed,True
BAJAJFINSV,2021,2022,Mixed,Distress Signal,True
BAJAJFINSV,2022,2023,Distress Signal,Growth Funded by Debt,True
BAJAJFINSV,2023,2024,Growth Funded by Debt,Growth Funded by Debt,False
BAJAJHLDNG,2013,2014,Reinvestor,Reinvestor,False
BAJAJHLDNG,2014,2015,Reinvestor,Reinvestor,False
BAJAJHLDNG,2015,2016,Reinvestor,Liquidating Assets,True
BAJAJHLDNG,2016,2017,Liquidating Assets,Pre-Revenue,True
BAJAJHLDNG,2017,2018,Pre-Revenue,Reinvestor,True
BAJAJHLDNG,2018,2019,Reinvestor,Reinvestor,False
BAJAJHLDNG,2019,2020,Reinvestor,Reinvestor,False
BAJAJHLDNG,2020,2021,Reinvestor,Reinvestor,False
BAJAJHLDNG,2021,2022,Reinvestor,Reinvestor,False
BAJAJHLDNG,2022,2023,Reinvestor,Reinvestor,False
BAJAJHLDNG,2023,2024,Reinvestor,Reinvestor,False
BAJFINANCE,2015,2016,Growth Funded by Debt,Growth Funded by Debt,False
BAJFINANCE,2016,2017,Growth Funded by Debt,Growth Funded by Debt,False
BAJFINANCE,2017,2018,Growth Funded by Debt,Distress Signal,True
BAJFINANCE,2018,2019,Distress Signal,Growth Funded by Debt,True
BAJFINANCE,2019,2020,Growth Funded by Debt,Growth Funded by Debt,False
BAJFINANCE,2020,2021,Growth Funded by Debt,Growth Funded by Debt,False
BAJFINANCE,2021,2022,Growth Funded by Debt,Distress Signal,True
BAJFINANCE,2022,2023,Distress Signal,Growth Funded by Debt,True
BAJFINANCE,2023,2024,Growth Funded by Debt,Growth Funded by Debt,False
BANKBARODA,2013,2014,Reinvestor,Mixed,True
BANKBARODA,2014,2015,Mixed,Reinvestor,True
BANKBARODA,2015,2016,Reinvestor,Pre-Revenue,True
BANKBARODA,2016,2017,Pre-Revenue,Reinvestor,True
BANKBARODA,2017,2018,Reinvestor,Growth Funded by Debt,True
BANKBARODA,2018,2019,Growth Funded by Debt,Growth Funded by Debt,False
BANKBARODA,2019,2020,Growth Funded by Debt,Mixed,True
BANKBARODA,2020,2021,Mixed,Pre-Revenue,True
BANKBARODA,2021,2022,Pre-Revenue,Reinvestor,True
BANKBARODA,2022,2023,Reinvestor,Pre-Revenue,True
BANKBARODA,2023,2024,Pre-Revenue,Growth Funded by Debt,True
BEL,2013,2014,Mixed,Mixed,False
BEL,2014,2015,Mixed,Reinvestor,True
BEL,2015,2016,Reinvestor,Reinvestor,False
BEL,2016,2017,Reinvestor,Mixed,True
BEL,2017,2018,Mixed,Pre-Revenue,True
BEL,2018,2019,Pre-Revenue,Reinvestor,True
BEL,2019,2020,Reinvestor,Reinvestor,False
BEL,2020,2021,Reinvestor,Reinvestor,False
BEL,2021,2022,Reinvestor,Reinvestor,False
BEL,2022,2023,Reinvestor,Liquidating Assets,True
BEL,2023,2024,Liquidating Assets,Reinvestor,True
BHARTIARTL,2013,2014,Reinvestor,Mixed,True
BHARTIARTL,2014,2015,Mixed,Reinvestor,True
BHARTIARTL,2015,2016,Reinvestor,Reinvestor,False
BHARTIARTL,2016,2017,Reinvestor,Reinvestor,False
BHARTIARTL,2017,2018,Reinvestor,Mixed,True
BHARTIARTL,2018,2019,Mixed,Mixed,False
BHARTIARTL,2019,2020,Mixed,Mixed,False
BHARTIARTL,2020,2021,Mixed,Reinvestor,True
BHARTIARTL,2021,2022,Reinvestor,Reinvestor,False
BHARTIARTL,2022,2023,Reinvestor,Reinvestor,False
BHARTIARTL,2023,2024,Reinvestor,Reinvestor,False
BHEL,2013,2014,Mixed,Mixed,False
BHEL,2014,2015,Mixed,Liquidating Assets,True
BHEL,2015,2016,Liquidating Assets,Liquidating Assets,False
BHEL,2016,2017,Liquidating Assets,Reinvestor,True
BHEL,2017,2018,Reinvestor,Liquidating Assets,True
BHEL,2018,2019,Liquidating Assets,Mixed,True
BHEL,2019,2020,Mixed,Distress Signal,True
BHEL,2020,2021,Distress Signal,Reinvestor,True
BHEL,2021,2022,Reinvestor,Reinvestor,False
BHEL,2022,2023,Reinvestor,Distress Signal,True
BHEL,2023,2024,Distress Signal,Distress Signal,False
BOSCHLTD,2012,2013,Reinvestor,Reinvestor,False
BOSCHLTD,2013,2015,Reinvestor,Reinvestor,False
BOSCHLTD,2015,2016,Reinvestor,Reinvestor,False
BOSCHLTD,2016,2017,Reinvestor,Liquidating Assets,True
BOSCHLTD,2017,2018,Liquidating Assets,Reinvestor,True
BOSCHLTD,2018,2019,Reinvestor,Liquidating Assets,True
BOSCHLTD,2019,2020,Liquidating Assets,Reinvestor,True
BOSCHLTD,2020,2021,Reinvestor,Reinvestor,False
BOSCHLTD,2021,2022,Reinvestor,Reinvestor,False
BOSCHLTD,2022,2023,Reinvestor,Liquidating Assets,True
BOSCHLTD,2023,2024,Liquidating Assets,Liquidating Assets,False
BPCL,2013,2014,Reinvestor,Reinvestor,False
BPCL,2014,2015,Reinvestor,Reinvestor,False
BPCL,2015,2016,Reinvestor,Reinvestor,False
BPCL,2016,2017,Reinvestor,Mixed,True
BPCL,2017,2018,Mixed,Reinvestor,True
BPCL,2018,2019,Reinvestor,Mixed,True
BPCL,2019,2020,Mixed,Mixed,False
BPCL,2020,2021,Mixed,Reinvestor,True
BPCL,2021,2022,Reinvestor,Reinvestor,False
BPCL,2022,2023,Reinvestor,Reinvestor,False
BPCL,2023,2024,Reinvestor,Reinvestor,False
BRITANNIA,2013,2014,Liquidating Assets,Reinvestor,True
BRITANNIA,2014,2015,Reinvestor,Reinvestor,False
BRITANNIA,2015,2016,Reinvestor,Reinvestor,False
BRITANNIA,2016,2017,Reinvestor,Reinvestor,False
BRITANNIA,2017,2018,Reinvestor,Reinvestor,False
BRITANNIA,2018,2019,Reinvestor,Reinvestor,False
BRITANNIA,2019,2020,Reinvestor,Mixed,True
BRITANNIA,2020,2021,Mixed,Liquidating Assets,True
BRITANNIA,2021,2022,Liquidating Assets,Liquidating Assets,False
BRITANNIA,2022,2023,Liquidating Assets,Reinvestor,True
BRITANNIA,2023,2024,Reinvestor,Liquidating Assets,True
CANBK,2013,2014,Reinvestor,Reinvestor,False
CANBK,2014,2015,Reinvestor,Reinvestor,False
CANBK,2015,2016,Reinvestor,Reinvestor,False
CANBK,2016,2017,Reinvestor,Mixed,True
CANBK,2017,2018,Mixed,Growth Funded by Debt,True
CANBK,2018,2019,Growth Funded by Debt,Reinvestor,True
CANBK,2019,2020,Reinvestor,Growth Funded by Debt,True
CANBK,2020,2021,Growth Funded by Debt,Mixed,True
CANBK,2021,2022,Mixed,Mixed,False
CANBK,2022,2023,Mixed,Growth Funded by Debt,True
CANBK,2023,2024,Growth Funded by Debt,Reinvestor,True
CHOLAFIN,2013,2014,Distress Signal,Growth Funded by Debt,True
CHOLAFIN,2014,2015,Growth Funded by Debt,Growth Funded by Debt,False
CHOLAFIN,2015,2016,Growth Funded by Debt,Growth Funded by Debt,False
CHOLAFIN,2016,2017,Growth Funded by Debt,Growth Funded by Debt,False
CHOLAFIN,2017,2018,Growth Funded by Debt,Growth Funded by Debt,False
CHOLAFIN,2018,2019,Growth Funded by Debt,Growth Funded by Debt,False
CHOLAFIN,2019,2020,Growth Funded by Debt,Growth Funded by Debt,False
CHOLAFIN,2020,2021,Growth Funded by Debt,Growth Funded by Debt,False
CHOLAFIN,2021,2022,Growth Funded by Debt,Distress Signal,True
CHOLAFIN,2022,2023,Distress Signal,Growth Funded by Debt,True
CHOLAFIN,2023,2024,Growth Funded by Debt,Growth Funded by Debt,False
CIPLA,2013,2014,Mixed,Reinvestor,True
CIPLA,2014,2015,Reinvestor,Mixed,True
CIPLA,2015,2016,Mixed,Mixed,False
CIPLA,2016,2017,Mixed,Reinvestor,True
CIPLA,2017,2018,Reinvestor,Reinvestor,False
CIPLA,2018,2019,Reinvestor,Reinvestor,False
CIPLA,2019,2020,Reinvestor,Liquidating Assets,True
CIPLA,2020,2021,Liquidating Assets,Reinvestor,True
CIPLA,2021,2022,Reinvestor,Reinvestor,False
CIPLA,2022,2023,Reinvestor,Reinvestor,False
CIPLA,2023,2024,Reinvestor,Reinvestor,False
COALINDIA,2013,2014,Reinvestor,Liquidating Assets,True
COALINDIA,2014,2015,Liquidating Assets,Liquidating Assets,False
COALINDIA,2015,2016,Liquidating Assets,Liquidating Assets,False
COALINDIA,2016,2017,Liquidating Assets,Liquidating Assets,False
COALINDIA,2017,2018,Liquidating Assets,Reinvestor,True
COALINDIA,2018,2019,Reinvestor,Reinvestor,False
COALINDIA,2019,2020,Reinvestor,Liquidating Assets,True
COALINDIA,2020,2021,Liquidating Assets,Liquidating Assets,False
COALINDIA,2021,2022,Liquidating Assets,Reinvestor,True
COALINDIA,2022,2023,Reinvestor,Reinvestor,False
COALINDIA,2023,2024,Reinvestor,Reinvestor,False
DABUR,2013,2014,Reinvestor,Reinvestor,False
DABUR,2014,2015,Reinvestor,Reinvestor,False
DABUR,2015,2016,Reinvestor,Reinvestor,False
DABUR,2016,2017,Reinvestor,Reinvestor,False
DABUR,2017,2018,Reinvestor,Reinvestor,False
DABUR,2018,2019,Reinvestor,Liquidating Assets,True
DABUR,2019,2020,Liquidating Assets,Reinvestor,True
DABUR,2020,2021,Reinvestor,Reinvestor,False
DABUR,2021,2022,Reinvestor,Reinvestor,False
DABUR,2022,2023,Reinvestor,Reinvestor,False
DABUR,2023,2024,Reinvestor,Reinvestor,False
DIVISLAB,2013,2014,Reinvestor,Reinvestor,False
DIVISLAB,2014,2015,Reinvestor,Reinvestor,False
DIVISLAB,2015,2016,Reinvestor,Reinvestor,False
DIVISLAB,2016,2017,Reinvestor,Mixed,True
DIVISLAB,2017,2018,Mixed,Reinvestor,True
DIVISLAB,2018,2019,Reinvestor,Reinvestor,False
DIVISLAB,2019,2020,Reinvestor,Reinvestor,False
DIVISLAB,2020,2021,Reinvestor,Liquidating Assets,True
DIVISLAB,2021,2022,Liquidating Assets,Reinvestor,True
DIVISLAB,2022,2023,Reinvestor,Reinvestor,False
DIVISLAB,2023,2024,Reinvestor,Reinvestor,False
DLF,2013,2014,Liquidating Assets,Liquidating Assets,False
DLF,2014,2015,Liquidating Assets,Liquidating Assets,False
DLF,2015,2016,Liquidating Assets,Reinvestor,True
DLF,2016,2017,Reinvestor,Distress Signal,True
DLF,2017,2018,Distress Signal,Reinvestor,True
DLF,2018,2019,Reinvestor,Cash Accumulator,True
DLF,2019,2020,Cash Accumulator,Liquidating Assets,True
DLF,2020,2021,Liquidating Assets,Liquidating Assets,False
DLF,2021,2022,Liquidating Assets,Liquidating Assets,False
DLF,2022,2023,Liquidating Assets,Reinvestor,True
DLF,2023,2024,Reinvestor,Mixed,True
DMART,2013,2014,Mixed,Mixed,False
DMART,2014,2015,Mixed,Mixed,False
DMART,2015,2016,Mixed,Mixed,False
DMART,2016,2017,Mixed,Mixed,False
DMART,2017,2018,Mixed,Liquidating Assets,True
DMART,2018,2019,Liquidating Assets,Mixed,True
DMART,2019,2020,Mixed,Mixed,False
DMART,2020,2021,Mixed,Reinvestor,True
DMART,2021,2022,Reinvestor,Reinvestor,False
DMART,2022,2023,Reinvestor,Reinvestor,False
DMART,2023,2024,Reinvestor,Reinvestor,False
DRREDDY,2013,2014,Reinvestor,Reinvestor,False
DRREDDY,2014,2015,Reinvestor,Reinvestor,False
DRREDDY,2015,2016,Reinvestor,Reinvestor,False
DRREDDY,2016,2017,Reinvestor,Reinvestor,False
DRREDDY,2017,2018,Reinvestor,Reinvestor,False
DRREDDY,2018,2019,Reinvestor,Reinvestor,False
DRREDDY,2019,2020,Reinvestor,Reinvestor,False
DRREDDY,2020,2021,Reinvestor,Reinvestor,False
DRREDDY,2021,2022,Reinvestor,Reinvestor,False
DRREDDY,2022,2023,Reinvestor,Reinvestor,False
DRREDDY,2023,2024,Reinvestor,Reinvestor,False
EICHERMOT,2012,2013,Reinvestor,Reinvestor,False
EICHERMOT,2013,2014,Reinvestor,Reinvestor,False
EICHERMOT,2014,2016,Reinvestor,Reinvestor,False
EICHERMOT,2016,2017,Reinvestor,Mixed,True
EICHERMOT,2017,2018,Mixed,Reinvestor,True
EICHERMOT,2018,2019,Reinvestor,Reinvestor,False
EICHERMOT,2019,2020,Reinvestor,Reinvestor,False
EICHERMOT,2020,2021,Reinvestor,Reinvestor,False
EICHERMOT,2021,2022,Reinvestor,Reinvestor,False
EICHERMOT,2022,2023,Reinvestor,Reinvestor,False
EICHERMOT,2023,2024,Reinvestor,Reinvestor,False
GAIL,2013,2014,Mixed,Reinvestor,True
GAIL,2014,2015,Reinvestor,Reinvestor,False
GAIL,2015,2016,Reinvestor,Reinvestor,False
GAIL,2016,2017,Reinvestor,Reinvestor,False
GAIL,2017,2018,Reinvestor,Reinvestor,False
GAIL,2018,2019,Reinvestor,Reinvestor,False
GAIL,2019,2020,Reinvestor,Mixed,True
GAIL,2020,2021,Mixed,Reinvestor,True
GAIL,2021,2022,Reinvestor,Reinvestor,False
GAIL,2022,2023,Reinvestor,Mixed,True
GAIL,2023,2024,Mixed,Reinvestor,True
GODREJCP,2013,2014,Mixed,Reinvestor,True
GODREJCP,2014,2015,Reinvestor,Reinvestor,False
GODREJCP,2015,2016,Reinvestor,Reinvestor,False
GODREJCP,2016,2017,Reinvestor,Mixed,True
GODREJCP,2017,2018,Mixed,Reinvestor,True
GODREJCP,2018,2019,Reinvestor,Liquidating Assets,True
GODREJCP,2019,2020,Liquidating Assets,Reinvestor,True
GODREJCP,2020,2021,Reinvestor,Reinvestor,False
GODREJCP,2021,2022,Reinvestor,Reinvestor,False
GODREJCP,2022,2023,Reinvestor,Reinvestor,False
GODREJCP,2023,2024,Reinvestor,Mixed,True
GRASIM,2013,2014,Mixed,Reinvestor,True
GRASIM,2014,2015,Reinvestor,Reinvestor,False
GRASIM,2015,2016,Reinvestor,Reinvestor,False
GRASIM,2016,2017,Reinvestor,Reinvestor,False
GRASIM,2017,2018,Reinvestor,Distress Signal,True
GRASIM,2018,2019,Distress Signal,Growth Funded by Debt,True
GRASIM,2019,2020,Growth Funded by Debt,Reinvestor,True
GRASIM,2020,2021,Reinvestor,Reinvestor,False
GRASIM,2021,2022,Reinvestor,Reinvestor,False
GRASIM,2022,2023,Reinvestor,Growth Funded by Debt,True
GRASIM,2023,2024,Growth Funded by Debt,Growth Funded by Debt,False
HAL,2017,2018,Mixed,Mixed,False
HAL,2018,2019,Mixed,Distress Signal,True
HAL,2019,2020,Distress Signal,Mixed,True
HAL,2020,2021,Mixed,Reinvestor,True
HAL,2021,2022,Reinvestor,Reinvestor,False
HAL,2022,2023,Reinvestor,Reinvestor,False
HAL,2023,2024,Reinvestor,Reinvestor,False
HAVELLS,2013,2014,Reinvestor,Reinvestor,False
HAVELLS,2014,2015,Reinvestor,Reinvestor,False
HAVELLS,2015,2016,Reinvestor,Reinvestor,False
HAVELLS,2016,2017,Reinvestor,Reinvestor,False
HAVELLS,2017,2018,Reinvestor,Reinvestor,False
HAVELLS,2018,2019,Reinvestor,Liquidating Assets,True
HAVELLS,2019,2020,Liquidating Assets,Reinvestor,True
HAVELLS,2020,2021,Reinvestor,Mixed,True
HAVELLS,2021,2022,Mixed,Reinvestor,True
HAVELLS,2022,2023,Reinvestor,Liquidating Assets,True
HAVELLS,2023,2024,Liquidating Assets,Reinvestor,True
HCLTECH,2013,2014,Reinvestor,Reinvestor,False
HCLTECH,2014,2015,Reinvestor,Reinvestor,False
HCLTECH,2015,2016,Reinvestor,Reinvestor,False
HCLTECH,2016,2017,Reinvestor,Reinvestor,False
HCLTECH,2017,2018,Reinvestor,Reinvestor,False
HCLTECH,2018,2019,Reinvestor,Reinvestor,False
HCLTECH,2019,2020,Reinvestor,Reinvestor,False
HCLTECH,2020,2021,Reinvestor,Reinvestor,False
HCLTECH,2021,2022,Reinvestor,Liquidating Assets,True
HCLTECH,2022,2023,Liquidating Assets,Reinvestor,True
HCLTECH,2023,2024,Reinvestor,Reinvestor,False
HDFCBANK,2013,2014,Growth Funded by Debt,Mixed,True
HDFCBANK,2014,2015,Mixed,Growth Funded by Debt,True
HDFCBANK,2015,2016,Growth Funded by Debt,Growth Funded by Debt,False
HDFCBANK,2016,2017,Growth Funded by Debt,Reinvestor,True
HDFCBANK,2017,2018,Reinvestor,Mixed,True
HDFCBANK,2018,2019,Mixed,Growth Funded by Debt,True
HDFCBANK,2019,2020,Growth Funded by Debt,Growth Funded by Debt,False
HDFCBANK,2020,2021,Growth Funded by Debt,Reinvestor,True
HDFCBANK,2021,2022,Reinvestor,Growth Funded by Debt,True
HDFCBANK,2022,2023,Growth Funded by Debt,Mixed,True
HDFCBANK,2023,2024,Mixed,Liquidating Assets,True
HDFCLIFE,2013,2014,Mixed,Mixed,False
HDFCLIFE,2014,2015,Mixed,Reinvestor,True
HDFCLIFE,2015,2016,Reinvestor,Reinvestor,False
HDFCLIFE,2016,2017,Reinvestor,Reinvestor,False
HDFCLIFE,2017,2018,Reinvestor,Reinvestor,False
HDFCLIFE,2018,2019,Reinvestor,Reinvestor,False
HDFCLIFE,2019,2020,Reinvestor,Mixed,True
HDFCLIFE,2020,2021,Mixed,Mixed,False
HDFCLIFE,2021,2022,Mixed,Reinvestor,True
HDFCLIFE,2022,2023,Reinvestor,Mixed,True
HDFCLIFE,2023,2024,Mixed,Reinvestor,True
HEROMOTOCO,2014,2015,Reinvestor,Liquidating Assets,True
HEROMOTOCO,2015,2016,Liquidating Assets,Reinvestor,True
HEROMOTOCO,2016,2017,Reinvestor,Reinvestor,False
HEROMOTOCO,2017,2018,Reinvestor,Reinvestor,False
HEROMOTOCO,2018,2019,Reinvestor,Liquidating Assets,True
HEROMOTOCO,2019,2020,Liquidating Assets,Reinvestor,True
HEROMOTOCO,2020,2021,Reinvestor,Reinvestor,False
HEROMOTOCO,2021,2022,Reinvestor,Reinvestor,False
HEROMOTOCO,2022,2023,Reinvestor,Reinvestor,False
HEROMOTOCO,2023,2024,Reinvestor,Reinvestor,False
HINDALCO,2013,2014,Mixed,Mixed,False
HINDALCO,2014,2015,Mixed,Reinvestor,True
HINDALCO,2015,2016,Reinvestor,Reinvestor,False
HINDALCO,2016,2017,Reinvestor,Reinvestor,False
HINDALCO,2017,2018,Reinvestor,Liquidating Assets,True
HINDALCO,2018,2019,Liquidating Assets,Reinvestor,True
HINDALCO,2019,2020,Reinvestor,Mixed,True
HINDALCO,2020,2021,Mixed,Reinvestor,True
HINDALCO,2021,2022,Reinvestor,Reinvestor,False
HINDALCO,2022,2023,Reinvestor,Reinvestor,False
HINDALCO,2023,2024,Reinvestor,Reinvestor,False
HINDUNILVR,2013,2014,Liquidating Assets,Reinvestor,True
HINDUNILVR,2014,2015,Reinvestor,Liquidating Assets,True
HINDUNILVR,2015,2016,Liquidating Assets,Reinvestor,True
HINDUNILVR,2016,2017,Reinvestor,Reinvestor,False
HINDUNILVR,2017,2018,Reinvestor,Reinvestor,False
HINDUNILVR,2018,2019,Reinvestor,Reinvestor,False
HINDUNILVR,2019,2020,Reinvestor,Liquidating Assets,True
HINDUNILVR,2020,2021,Liquidating Assets,Reinvestor,True
HINDUNILVR,2021,2022,Reinvestor,Reinvestor,False
HINDUNILVR,2022,2023,Reinvestor,Reinvestor,False
HINDUNILVR,2023,2024,Reinvestor,Reinvestor,False
ICICIBANK,2013,2014,Mixed,Mixed,False
ICICIBANK,2014,2015,Mixed,Growth Funded by Debt,True
ICICIBANK,2015,2016,Growth Funded by Debt,Mixed,True
ICICIBANK,2016,2017,Mixed,Reinvestor,True
ICICIBANK,2017,2018,Reinvestor,Mixed,True
ICICIBANK,2018,2019,Mixed,Reinvestor,True
ICICIBANK,2019,2020,Reinvestor,Mixed,True
ICICIBANK,2020,2021,Mixed,Reinvestor,True
ICICIBANK,2021,2022,Reinvestor,Mixed,True
ICICIBANK,2022,2023,Mixed,Growth Funded by Debt,True
ICICIBANK,2023,2024,Growth Funded by Debt,Mixed,True
ICICIGI,2013,2014,Mixed,Mixed,False
ICICIGI,2014,2015,Mixed,Mixed,False
ICICIGI,2015,2016,Mixed,Reinvestor,True
ICICIGI,2016,2017,Reinvestor,Mixed,True
ICICIGI,2017,2018,Mixed,Reinvestor,True
ICICIGI,2018,2019,Reinvestor,Reinvestor,False
ICICIGI,2019,2020,Reinvestor,Reinvestor,False
ICICIGI,2020,2021,Reinvestor,Reinvestor,False
ICICIGI,2021,2022,Reinvestor,Liquidating Assets,True
ICICIGI,2022,2023,Liquidating Assets,Reinvestor,True
ICICIGI,2023,2024,Reinvestor,Reinvestor,False
ICICIPRULI,2013,2014,Mixed,Mixed,False
ICICIPRULI,2014,2015,Mixed,Reinvestor,True
ICICIPRULI,2015,2016,Reinvestor,Liquidating Assets,True
ICICIPRULI,2016,2017,Liquidating Assets,Reinvestor,True
ICICIPRULI,2017,2018,Reinvestor,Reinvestor,False
ICICIPRULI,2018,2019,Reinvestor,Reinvestor,False
ICICIPRULI,2019,2020,Reinvestor,Reinvestor,False
ICICIPRULI,2020,2021,Reinvestor,Mixed,True
ICICIPRULI,2021,2022,Mixed,Reinvestor,True
ICICIPRULI,2022,2023,Reinvestor,Reinvestor,False
ICICIPRULI,2023,2024,Reinvestor,Mixed,True
INDIGO,2013,2014,Mixed,Mixed,False
INDIGO,2014,2015,Mixed,Reinvestor,True
INDIGO,2015,2016,Reinvestor,Reinvestor,False
INDIGO,2016,2017,Reinvestor,Reinvestor,False
INDIGO,2017,2018,Reinvestor,Mixed,True
INDIGO,2018,2019,Mixed,Reinvestor,True
INDIGO,2019,2020,Reinvestor,Reinvestor,False
INDIGO,2020,2021,Reinvestor,Mixed,True
INDIGO,2021,2022,Mixed,Liquidating Assets,True
INDIGO,2022,2023,Liquidating Assets,Reinvestor,True
INDIGO,2023,2024,Reinvestor,Reinvestor,False
INDUSINDBK,2013,2014,Growth Funded by Debt,Growth Funded by Debt,False
INDUSINDBK,2014,2015,Growth Funded by Debt,Growth Funded by Debt,False
INDUSINDBK,2015,2016,Growth Funded by Debt,Growth Funded by Debt,False
INDUSINDBK,2016,2017,Growth Funded by Debt,Reinvestor,True
INDUSINDBK,2017,2018,Reinvestor,Growth Funded by Debt,True
INDUSINDBK,2018,2019,Growth Funded by Debt,Growth Funded by Debt,False
INDUSINDBK,2019,2020,Growth Funded by Debt,Distress Signal,True
INDUSINDBK,2020,2021,Distress Signal,Reinvestor,True
INDUSINDBK,2021,2022,Reinvestor,Reinvestor,False
INDUSINDBK,2022,2023,Reinvestor,Growth Funded by Debt,True
INDUSINDBK,2023,2024,Growth Funded by Debt,Pre-Revenue,True
INFY,2013,2014,Reinvestor,Reinvestor,False
INFY,2014,2015,Reinvestor,Liquidating Assets,True
INFY,2015,2016,Liquidating Assets,Reinvestor,True
INFY,2016,2017,Reinvestor,Reinvestor,False
INFY,2017,2018,Reinvestor,Liquidating Assets,True
INFY,2018,2019,Liquidating Assets,Reinvestor,True
INFY,2019,2020,Reinvestor,Reinvestor,False
INFY,2020,2021,Reinvestor,Reinvestor,False
INFY,2021,2022,Reinvestor,Reinvestor,False
INFY,2022,2023,Reinvestor,Reinvestor,False
INFY,2023,2024,Reinvestor,Reinvestor,False
IOC,2013,2014,Mixed,Reinvestor,True
IOC,2014,2015,Reinvestor,Reinvestor,False
IOC,2015,2016,Reinvestor,Reinvestor,False
IOC,2016,2017,Reinvestor,Reinvestor,False
IOC,2017,2018,Reinvestor,Reinvestor,False
IOC,2018,2019,Reinvestor,Mixed,True
IOC,2019,2020,Mixed,Mixed,False
IOC,2020,2021,Mixed,Reinvestor,True
IOC,2021,2022,Reinvestor,Reinvestor,False
IOC,2022,2023,Reinvestor,Reinvestor,False
IOC,2023,2024,Reinvestor,Reinvestor,False
IRCTC,2015,2016,Reinvestor,Liquidating Assets,True
IRCTC,2016,2017,Liquidating Assets,Liquidating Assets,False
IRCTC,2017,2018,Liquidating Assets,Liquidating Assets,False
IRCTC,2018,2019,Liquidating Assets,Reinvestor,True
IRCTC,2019,2020,Reinvestor,Liquidating Assets,True
IRCTC,2020,2021,Liquidating Assets,Reinvestor,True
IRCTC,2021,2022,Reinvestor,Reinvestor,False
IRCTC,2022,2023,Reinvestor,Reinvestor,False
IRCTC,2023,2024,Reinvestor,Reinvestor,False
IRFC,2016,2017,Distress Signal,Distress Signal,False
IRFC,2017,2018,Distress Signal,Distress Signal,False
IRFC,2018,2019,Distress Signal,Distress Signal,False
IRFC,2019,2020,Distress Signal,Distress Signal,False
IRFC,2020,2021,Distress Signal,Mixed,True
IRFC,2021,2022,Mixed,Growth Funded by Debt,True
IRFC,2022,2023,Growth Funded by Debt,Mixed,True
IRFC,2023,2024,Mixed,Reinvestor,True
ITC,2013,2014,Reinvestor,Reinvestor,False
ITC,2014,2015,Reinvestor,Reinvestor,False
ITC,2015,2016,Reinvestor,Reinvestor,False
ITC,2016,2017,Reinvestor,Reinvestor,False
ITC,2017,2018,Reinvestor,Reinvestor,False
ITC,2018,2019,Reinvestor,Reinvestor,False
ITC,2019,2020,Reinvestor,Reinvestor,False
ITC,2020,2021,Reinvestor,Liquidating Assets,True
ITC,2021,2022,Liquidating Assets,Reinvestor,True
ITC,2022,2023,Reinvestor,Reinvestor,False
ITC,2023,2024,Reinvestor,Liquidating Assets,True
JINDALSTEL,2013,2014,Mixed,Mixed,False
JINDALSTEL,2014,2015,Mixed,Mixed,False
JINDALSTEL,2015,2016,Mixed,Reinvestor,True
JINDALSTEL,2016,2017,Reinvestor,Reinvestor,False
JINDALSTEL,2017,2018,Reinvestor,Reinvestor,False
JINDALSTEL,2018,2019,Reinvestor,Reinvestor,False
JINDALSTEL,2019,2020,Reinvestor,Reinvestor,False
JINDALSTEL,2020,2021,Reinvestor,Reinvestor,False
JINDALSTEL,2021,2022,Reinvestor,Reinvestor,False
JINDALSTEL,2022,2023,Reinvestor,Reinvestor,False
JINDALSTEL,2023,2024,Reinvestor,Mixed,True
JIOFIN,2023,2024,Reinvestor,Mixed,True
JSWENERGY,2013,2014,Reinvestor,Reinvestor,False
JSWENERGY,2014,2015,Reinvestor,Reinvestor,False
JSWENERGY,2015,2016,Reinvestor,Reinvestor,False
JSWENERGY,2016,2017,Reinvestor,Reinvestor,False
JSWENERGY,2017,2018,Reinvestor,Reinvestor,False
JSWENERGY,2018,2019,Reinvestor,Reinvestor,False
JSWENERGY,2019,2020,Reinvestor,Liquidating Assets,True
JSWENERGY,2020,2021,Liquidating Assets,Reinvestor,True
JSWENERGY,2021,2022,Reinvestor,Reinvestor,False
JSWENERGY,2022,2023,Reinvestor,Mixed,True
JSWENERGY,2023,2024,Mixed,Mixed,False
JSWSTEEL,2013,2014,Reinvestor,Mixed,True
JSWSTEEL,2014,2015,Mixed,Reinvestor,True
JSWSTEEL,2015,2016,Reinvestor,Reinvestor,False
JSWSTEEL,2016,2017,Reinvestor,Reinvestor,False
JSWSTEEL,2017,2018,Reinvestor,Reinvestor,False
JSWSTEEL,2018,2019,Reinvestor,Mixed,True
JSWSTEEL,2019,2020,Mixed,Mixed,False
JSWSTEEL,2020,2021,Mixed,Reinvestor,True
JSWSTEEL,2021,2022,Reinvestor,Reinvestor,False
JSWSTEEL,2022,2023,Reinvestor,Reinvestor,False
JSWSTEEL,2023,2024,Reinvestor,Reinvestor,False
KOTAKBANK,2013,2014,Mixed,Reinvestor,True
KOTAKBANK,2014,2015,Reinvestor,Mixed,True
KOTAKBANK,2015,2016,Mixed,Mixed,False
KOTAKBANK,2016,2017,Mixed,Mixed,False
KOTAKBANK,2017,2018,Mixed,Growth Funded by Debt,True
KOTAKBANK,2018,2019,Growth Funded by Debt,Mixed,True
KOTAKBANK,2019,2020,Mixed,Reinvestor,True
KOTAKBANK,2020,2021,Reinvestor,Reinvestor,False
KOTAKBANK,2021,2022,Reinvestor,Mixed,True
KOTAKBANK,2022,2023,Mixed,Growth Funded by Debt,True
KOTAKBANK,2023,2024,Growth Funded by Debt,Mixed,True
LICI,2019,2020,Liquidating Assets,Reinvestor,True
LICI,2020,2021,Reinvestor,Liquidating Assets,True
LICI,2021,2022,Liquidating Assets,Mixed,True
LICI,2022,2023,Mixed,Reinvestor,True
LICI,2023,2024,Reinvestor,Reinvestor,False
LODHA,2016,2017,Mixed,Reinvestor,True
LODHA,2017,2018,Reinvestor,Mixed,True
LODHA,2018,2019,Mixed,Growth Funded by Debt,True
LODHA,2019,2020,Growth Funded by Debt,Liquidating Assets,True
LODHA,2020,2021,Liquidating Assets,Liquidating Assets,False
LODHA,2021,2022,Liquidating Assets,Liquidating Assets,False
LODHA,2022,2023,Liquidating Assets,Liquidating Assets,False
LODHA,2023,2024,Liquidating Assets,Mixed,True
LT,2013,2014,Growth Funded by Debt,Growth Funded by Debt,False
LT,2014,2015,Growth Funded by Debt,Growth Funded by Debt,False
LT,2015,2016,Growth Funded by Debt,Growth Funded by Debt,False
LT,2016,2017,Growth Funded by Debt,Mixed,True
LT,2017,2018,Mixed,Distress Signal,True
LT,2018,2019,Distress Signal,Growth Funded by Debt,True
LT,2019,2020,Growth Funded by Debt,Mixed,True
LT,2020,2021,Mixed,Reinvestor,True
LT,2021,2022,Reinvestor,Reinvestor,False
LT,2022,2023,Reinvestor,Reinvestor,False
LT,2023,2024,Reinvestor,Liquidating Assets,True
LTIM,2013,2014,Reinvestor,Liquidating Assets,True
LTIM,2014,2015,Liquidating Assets,Reinvestor,True
LTIM,2015,2016,Reinvestor,Reinvestor,False
LTIM,2016,2017,Reinvestor,Reinvestor,False
LTIM,2017,2018,Reinvestor,Reinvestor,False
LTIM,2018,2019,Reinvestor,Reinvestor,False
LTIM,2019,2020,Reinvestor,Reinvestor,False
LTIM,2020,2021,Reinvestor,Reinvestor,False
LTIM,2021,2022,Reinvestor,Reinvestor,False
LTIM,2022,2023,Reinvestor,Reinvestor,False
LTIM,2023,2024,Reinvestor,Reinvestor,False
M&M,2013,2014,Growth Funded by Debt,Growth Funded by Debt,False
M&M,2014,2015,Growth Funded by Debt,Mixed,True
M&M,2015,2016,Mixed,Mixed,False
M&M,2016,2017,Mixed,Mixed,False
M&M,2017,2018,Mixed,Mixed,False
M&M,2018,2019,Mixed,Growth Funded by Debt,True
M&M,2019,2020,Growth Funded by Debt,Growth Funded by Debt,False
M&M,2020,2021,Growth Funded by Debt,Mixed,True
M&M,2021,2022,Mixed,Reinvestor,True
M&M,2022,2023,Reinvestor,Growth Funded by Debt,True
M&M,2023,2024,Growth Funded by Debt,Growth Funded by Debt,False
MARUTI,2013,2014,Reinvestor,Reinvestor,False
MARUTI,2014,2015,Reinvestor,Reinvestor,False
MARUTI,2015,2016,Reinvestor,Reinvestor,False
MARUTI,2016,2017,Reinvestor,Reinvestor,False
MARUTI,2017,2018,Reinvestor,Reinvestor,False
MARUTI,2018,2019,Reinvestor,Reinvestor,False
MARUTI,2019,2020,Reinvestor,Reinvestor,False
MARUTI,2020,2021,Reinvestor,Reinvestor,False
MARUTI,2021,2022,Reinvestor,Reinvestor,False
MARUTI,2022,2023,Reinvestor,Reinvestor,False
MARUTI,2023,2024,Reinvestor,Reinvestor,False
MOTHERSON,2013,2014,Reinvestor,Reinvestor,False
MOTHERSON,2014,2015,Reinvestor,Mixed,True
MOTHERSON,2015,2016,Mixed,Reinvestor,True
MOTHERSON,2016,2017,Reinvestor,Mixed,True
MOTHERSON,2017,2018,Mixed,Reinvestor,True
MOTHERSON,2018,2019,Reinvestor,Reinvestor,False
MOTHERSON,2019,2020,Reinvestor,Reinvestor,False
MOTHERSON,2020,2021,Reinvestor,Reinvestor,False
MOTHERSON,2021,2022,Reinvestor,Reinvestor,False
MOTHERSON,2022,2023,Reinvestor,Reinvestor,False
MOTHERSON,2023,2024,Reinvestor,Mixed,True
NAUKRI,2013,2014,Reinvestor,Mixed,True
NAUKRI,2014,2015,Mixed,Mixed,False
NAUKRI,2015,2016,Mixed,Reinvestor,True
NAUKRI,2016,2017,Reinvestor,Reinvestor,False
NAUKRI,2017,2018,Reinvestor,Reinvestor,False
NAUKRI,2018,2019,Reinvestor,Reinvestor,False
NAUKRI,2019,2020,Reinvestor,Liquidating Assets,True
NAUKRI,2020,2021,Liquidating Assets,Mixed,True
NAUKRI,2021,2022,Mixed,Mixed,False
NAUKRI,2022,2023,Mixed,Mixed,False
NAUKRI,2023,2024,Mixed,Mixed,False
NESTLEIND,2013,2014,Reinvestor,Reinvestor,False
NESTLEIND,2014,2015,Reinvestor,Reinvestor,False
NESTLEIND,2015,2016,Reinvestor,Reinvestor,False
NESTLEIND,2016,2017,Reinvestor,Reinvestor,False
NESTLEIND,2017,2018,Reinvestor,Reinvestor,False
NESTLEIND,2018,2019,Reinvestor,Liquidating Assets,True
NESTLEIND,2019,2020,Liquidating Assets,Reinvestor,True
NESTLEIND,2020,2021,Reinvestor,Reinvestor,False
NESTLEIND,2021,2022,Reinvestor,Reinvestor,False
NESTLEIND,2022,2023,Reinvestor,Reinvestor,False
NESTLEIND,2023,2024,Reinvestor,Reinvestor,False
NHPC,2013,2014,Reinvestor,Reinvestor,False
NHPC,2014,2015,Reinvestor,Reinvestor,False
NHPC,2015,2016,Reinvestor,Reinvestor,False
NHPC,2016,2017,Reinvestor,Reinvestor,False
NHPC,2017,2018,Reinvestor,Reinvestor,False
NHPC,2018,2019,Reinvestor,Reinvestor,False
NHPC,2019,2020,Reinvestor,Mixed,True
NHPC,2020,2021,Mixed,Reinvestor,True
NHPC,2021,2022,Reinvestor,Reinvestor,False
NHPC,2022,2023,Reinvestor,Reinvestor,False
NHPC,2023,2024,Reinvestor,Reinvestor,False
NTPC,2013,2014,Mixed,Reinvestor,True
NTPC,2014,2015,Reinvestor,Reinvestor,False
NTPC,2015,2016,Reinvestor,Reinvestor,False
NTPC,2016,2017,Reinvestor,Mixed,True
NTPC,2017,2018,Mixed,Mixed,False
NTPC,2018,2019,Mixed,Mixed,False
NTPC,2019,2020,Mixed,Mixed,False
NTPC,2020,2021,Mixed,Reinvestor,True
NTPC,2021,2022,Reinvestor,Reinvestor,False
NTPC,2022,2023,Reinvestor,Reinvestor,False
NTPC,2023,2024,Reinvestor,Reinvestor,False
ONGC,2013,2014,Reinvestor,Mixed,True
ONGC,2014,2015,Mixed,Reinvestor,True
ONGC,2015,2016,Reinvestor,Reinvestor,False
ONGC,2016,2017,Reinvestor,Reinvestor,False
ONGC,2017,2018,Reinvestor,Mixed,True
ONGC,2018,2019,Mixed,Reinvestor,True
ONGC,2019,2020,Reinvestor,Reinvestor,False
ONGC,2020,2021,Reinvestor,Reinvestor,False
ONGC,2021,2022,Reinvestor,Reinvestor,False
ONGC,2022,2023,Reinvestor,Reinvestor,False
ONGC,2023,2024,Reinvestor,Reinvestor,False
PFC,2013,2014,Distress Signal,Distress Signal,False
PFC,2014,2015,Distress Signal,Growth Funded by Debt,True
PFC,2015,2016,Growth Funded by Debt,Growth Funded by Debt,False
PFC,2016,2017,Growth Funded by Debt,Mixed,True
PFC,2017,2018,Mixed,Distress Signal,True
PFC,2018,2019,Distress Signal,Growth Funded by Debt,True
PFC,2019,2020,Growth Funded by Debt,Growth Funded by Debt,False
PFC,2020,2021,Growth Funded by Debt,Distress Signal,True
PFC,2021,2022,Distress Signal,Reinvestor,True
PFC,2022,2023,Reinvestor,Growth Funded by Debt,True
PFC,2023,2024,Growth Funded by Debt,Growth Funded by Debt,False
PIDILITIND,2013,2014,Reinvestor,Reinvestor,False
PIDILITIND,2014,2015,Reinvestor,Reinvestor,False
PIDILITIND,2015,2016,Reinvestor,Reinvestor,False
PIDILITIND,2016,2017,Reinvestor,Mixed,True
PIDILITIND,2017,2018,Mixed,Liquidating Assets,True
PIDILITIND,2018,2019,Liquidating Assets,Reinvestor,True
PIDILITIND,2019,2020,Reinvestor,Liquidating Assets,True
PIDILITIND,2020,2021,Liquidating Assets,Reinvestor,True
PIDILITIND,2021,2022,Reinvestor,Reinvestor,False
PIDILITIND,2022,2023,Reinvestor,Reinvestor,False
PIDILITIND,2023,2024,Reinvestor,Reinvestor,False
PNB,2013,2014,Pre-Revenue,Mixed,True
PNB,2014,2015,Mixed,Mixed,False
PNB,2015,2016,Mixed,Mixed,False
PNB,2016,2017,Mixed,Liquidating Assets,True
PNB,2017,2018,Liquidating Assets,Distress Signal,True
PNB,2018,2019,Distress Signal,Growth Funded by Debt,True
PNB,2019,2020,Growth Funded by Debt,Growth Funded by Debt,False
PNB,2020,2021,Growth Funded by Debt,Mixed,True
PNB,2021,2022,Mixed,Mixed,False
PNB,2022,2023,Mixed,Mixed,False
PNB,2023,2024,Mixed,Growth Funded by Debt,True
POWERGRID,2013,2014,Mixed,Mixed,False
POWERGRID,2014,2015,Mixed,Mixed,False
POWERGRID,2015,2016,Mixed,Mixed,False
POWERGRID,2016,2017,Mixed,Mixed,False
POWERGRID,2017,2018,Mixed,Mixed,False
POWERGRID,2018,2019,Mixed,Reinvestor,True
POWERGRID,2019,2020,Reinvestor,Reinvestor,False
POWERGRID,2020,2021,Reinvestor,Reinvestor,False
POWERGRID,2021,2022,Reinvestor,Liquidating Assets,True
POWERGRID,2022,2023,Liquidating Assets,Reinvestor,True
POWERGRID,2023,2024,Reinvestor,Reinvestor,False
RECLTD,2013,2014,Distress Signal,Distress Signal,False
RECLTD,2014,2015,Distress Signal,Distress Signal,False
RECLTD,2015,2016,Distress Signal,Growth Funded by Debt,True
RECLTD,2016,2017,Growth Funded by Debt,Reinvestor,True
RECLTD,2017,2018,Reinvestor,Distress Signal,True
RECLTD,2018,2019,Distress Signal,Distress Signal,False
RECLTD,2019,2020,Distress Signal,Distress Signal,False
RECLTD,2020,2021,Distress Signal,Distress Signal,False
RECLTD,2021,2022,Distress Signal,Growth Funded by Debt,True
RECLTD,2022,2023,Growth Funded by Debt,Growth Funded by Debt,False
RECLTD,2023,2024,Growth Funded by Debt,Growth Funded by Debt,False
RELIANCE,2013,2014,Mixed,Mixed,False
RELIANCE,2014,2015,Mixed,Mixed,False
RELIANCE,2015,2016,Mixed,Reinvestor,True
RELIANCE,2016,2017,Reinvestor,Mixed,True
RELIANCE,2017,2018,Mixed,Reinvestor,True
RELIANCE,2018,2019,Reinvestor,Mixed,True
RELIANCE,2019,2020,Mixed,Reinvestor,True
RELIANCE,2020,2021,Reinvestor,Mixed,True
RELIANCE,2021,2022,Mixed,Mixed,False
RELIANCE,2022,2023,Mixed,Mixed,False
RELIANCE,2023,2024,Mixed,Reinvestor,True
SBILIFE,2013,2014,Reinvestor,Reinvestor,False
SBILIFE,2014,2015,Reinvestor,Reinvestor,False
SBILIFE,2015,2016,Reinvestor,Reinvestor,False
SBILIFE,2016,2017,Reinvestor,Reinvestor,False
SBILIFE,2017,2018,Reinvestor,Reinvestor,False
SBILIFE,2018,2019,Reinvestor,Reinvestor,False
SBILIFE,2019,2020,Reinvestor,Reinvestor,False
SBILIFE,2020,2021,Reinvestor,Mixed,True
SBILIFE,2021,2022,Mixed,Reinvestor,True
SBILIFE,2022,2023,Reinvestor,Reinvestor,False
SBILIFE,2023,2024,Reinvestor,Reinvestor,False
SBIN,2013,2014,Reinvestor,Mixed,True
SBIN,2014,2015,Mixed,Reinvestor,True
SBIN,2015,2016,Reinvestor,Mixed,True
SBIN,2016,2017,Mixed,Reinvestor,True
SBIN,2017,2018,Reinvestor,Distress Signal,True
SBIN,2018,2019,Distress Signal,Cash Accumulator,True
SBIN,2019,2020,Cash Accumulator,Mixed,True
SBIN,2020,2021,Mixed,Mixed,False
SBIN,2021,2022,Mixed,Reinvestor,True
SBIN,2022,2023,Reinvestor,Growth Funded by Debt,True
SBIN,2023,2024,Growth Funded by Debt,Reinvestor,True
SHREECEM,2013,2014,Reinvestor,Reinvestor,False
SHREECEM,2014,2015,Reinvestor,Reinvestor,False
SHREECEM,2015,2016,Reinvestor,Reinvestor,False
SHREECEM,2016,2017,Reinvestor,Reinvestor,False
SHREECEM,2017,2018,Reinvestor,Mixed,True
SHREECEM,2018,2019,Mixed,Reinvestor,True
SHREECEM,2019,2020,Reinvestor,Mixed,True
SHREECEM,2020,2021,Mixed,Reinvestor,True
SHREECEM,2021,2022,Reinvestor,Reinvestor,False
SHREECEM,2022,2023,Reinvestor,Reinvestor,False
SHREECEM,2023,2024,Reinvestor,Reinvestor,False
SHRIRAMFIN,2013,2014,Growth Funded by Debt,Growth Funded by Debt,False
SHRIRAMFIN,2014,2015,Growth Funded by Debt,Growth Funded by Debt,False
SHRIRAMFIN,2015,2016,Growth Funded by Debt,Growth Funded by Debt,False
SHRIRAMFIN,2016,2017,Growth Funded by Debt,Growth Funded by Debt,False
SHRIRAMFIN,2017,2018,Growth Funded by Debt,Distress Signal,True
SHRIRAMFIN,2018,2019,Distress Signal,Growth Funded by Debt,True
SHRIRAMFIN,2019,2020,Growth Funded by Debt,Growth Funded by Debt,False
SHRIRAMFIN,2020,2021,Growth Funded by Debt,Growth Funded by Debt,False
SHRIRAMFIN,2021,2022,Growth Funded by Debt,Growth Funded by Debt,False
SHRIRAMFIN,2022,2023,Growth Funded by Debt,Distress Signal,True
SHRIRAMFIN,2023,2024,Distress Signal,Growth Funded by Debt,True
SIEMENS,2011,2014,Liquidating Assets,Liquidating Assets,False
SIEMENS,2014,2015,Liquidating Assets,Liquidating Assets,False
SIEMENS,2015,2016,Liquidating Assets,Liquidating Assets,False
SIEMENS,2016,2017,Liquidating Assets,Liquidating Assets,False
SIEMENS,2017,2018,Liquidating Assets,Reinvestor,True
SIEMENS,2018,2019,Reinvestor,Reinvestor,False
SIEMENS,2019,2020,Reinvestor,Liquidating Assets,True
SIEMENS,2020,2021,Liquidating Assets,Reinvestor,True
SIEMENS,2021,2022,Reinvestor,Reinvestor,False
SIEMENS,2022,2023,Reinvestor,Reinvestor,False
SIEMENS,2023,2024,Reinvestor,Reinvestor,False
SUNPHARMA,2013,2014,Reinvestor,Mixed,True
SUNPHARMA,2014,2015,Mixed,Reinvestor,True
SUNPHARMA,2015,2016,Reinvestor,Reinvestor,False
SUNPHARMA,2016,2017,Reinvestor,Reinvestor,False
SUNPHARMA,2017,2018,Reinvestor,Reinvestor,False
SUNPHARMA,2018,2019,Reinvestor,Reinvestor,False
SUNPHARMA,2019,2020,Reinvestor,Reinvestor,False
SUNPHARMA,2020,2021,Reinvestor,Liquidating Assets,True
SUNPHARMA,2021,2022,Liquidating Assets,Reinvestor,True
SUNPHARMA,2022,2023,Reinvestor,Mixed,True
SUNPHARMA,2023,2024,Mixed,Reinvestor,True
TATACONSUM,2013,2014,Cash Accumulator,Reinvestor,True
TATACONSUM,2014,2015,Reinvestor,Reinvestor,False
TATACONSUM,2015,2016,Reinvestor,Liquidating Assets,True
TATACONSUM,2016,2017,Liquidating Assets,Liquidating Assets,False
TATACONSUM,2017,2018,Liquidating Assets,Reinvestor,True
TATACONSUM,2018,2019,Reinvestor,Liquidating Assets,True
TATACONSUM,2019,2020,Liquidating Assets,Reinvestor,True
TATACONSUM,2020,2021,Reinvestor,Reinvestor,False
TATACONSUM,2021,2022,Reinvestor,Reinvestor,False
TATACONSUM,2022,2023,Reinvestor,Reinvestor,False
TATACONSUM,2023,2024,Reinvestor,Mixed,True
TATAMOTORS,2013,2014,Reinvestor,Reinvestor,False
TATAMOTORS,2014,2015,Reinvestor,Mixed,True
TATAMOTORS,2015,2016,Mixed,Reinvestor,True
TATAMOTORS,2016,2017,Reinvestor,Mixed,True
TATAMOTORS,2017,2018,Mixed,Mixed,False
TATAMOTORS,2018,2019,Mixed,Mixed,False
TATAMOTORS,2019,2020,Mixed,Mixed,False
TATAMOTORS,2020,2021,Mixed,Mixed,False
TATAMOTORS,2021,2022,Mixed,Reinvestor,True
TATAMOTORS,2022,2023,Reinvestor,Reinvestor,False
TATAMOTORS,2023,2024,Reinvestor,Reinvestor,False
TATAPOWER,2013,2014,Reinvestor,Reinvestor,False
TATAPOWER,2014,2015,Reinvestor,Reinvestor,False
TATAPOWER,2015,2016,Reinvestor,Reinvestor,False
TATAPOWER,2016,2017,Reinvestor,Mixed,True
TATAPOWER,2017,2018,Mixed,Reinvestor,True
TATAPOWER,2018,2019,Reinvestor,Reinvestor,False
TATAPOWER,2019,2020,Reinvestor,Reinvestor,False
TATAPOWER,2020,2021,Reinvestor,Liquidating Assets,True
TATAPOWER,2021,2022,Liquidating Assets,Reinvestor,True
TATAPOWER,2022,2023,Reinvestor,Mixed,True
TATAPOWER,2023,2024,Mixed,Reinvestor,True
TATASTEEL,2013,2014,Reinvestor,Mixed,True
TATASTEEL,2014,2015,Mixed,Reinvestor,True
TATASTEEL,2015,2016,Reinvestor,Reinvestor,False
TATASTEEL,2016,2017,Reinvestor,Reinvestor,False
TATASTEEL,2017,2018,Reinvestor,Mixed,True
TATASTEEL,2018,2019,Mixed,Reinvestor,True
TATASTEEL,2019,2020,Reinvestor,Reinvestor,False
TATASTEEL,2020,2021,Reinvestor,Reinvestor,False
TATASTEEL,2021,2022,Reinvestor,Reinvestor,False
TATASTEEL,2022,2023,Reinvestor,Reinvestor,False
TATASTEEL,2023,2024,Reinvestor,Reinvestor,False
TCS,2013,2014,Reinvestor,Reinvestor,False
TCS,2014,2015,Reinvestor,Reinvestor,False
TCS,2015,2016,Reinvestor,Reinvestor,False
TCS,2016,2017,Reinvestor,Reinvestor,False
TCS,2017,2018,Reinvestor,Liquidating Assets,True
TCS,2018,2019,Liquidating Assets,Liquidating Assets,False
TCS,2019,2020,Liquidating Assets,Liquidating Assets,False
TCS,2020,2021,Liquidating Assets,Reinvestor,True
TCS,2021,2022,Reinvestor,Reinvestor,False
TCS,2022,2023,Reinvestor,Liquidating Assets,True
TCS,2023,2024,Liquidating Assets,Liquidating Assets,False
TECHM,2013,2014,Mixed,Liquidating Assets,True
TECHM,2014,2015,Liquidating Assets,Reinvestor,True
TECHM,2015,2016,Reinvestor,Reinvestor,False
TECHM,2016,2017,Reinvestor,Reinvestor,False
TECHM,2017,2018,Reinvestor,Reinvestor,False
TECHM,2018,2019,Reinvestor,Reinvestor,False
TECHM,2019,2020,Reinvestor,Liquidating Assets,True
TECHM,2020,2021,Liquidating Assets,Reinvestor,True
TECHM,2021,2022,Reinvestor,Liquidating Assets,True
TECHM,2022,2023,Liquidating Assets,Reinvestor,True
TECHM,2023,2024,Reinvestor,Reinvestor,False
TITAN,2013,2014,Reinvestor,Growth Funded by Debt,True
TITAN,2014,2015,Growth Funded by Debt,Reinvestor,True
TITAN,2015,2016,Reinvestor,Reinvestor,False
TITAN,2016,2017,Reinvestor,Reinvestor,False
TITAN,2017,2018,Reinvestor,Mixed,True
TITAN,2018,2019,Mixed,Reinvestor,True
TITAN,2019,2020,Reinvestor,Mixed,True
TITAN,2020,2021,Mixed,Reinvestor,True
TITAN,2021,2022,Reinvestor,Mixed,True
TITAN,2022,2023,Mixed,Mixed,False
TITAN,2023,2024,Mixed,Reinvestor,True
TORNTPHARM,2013,2014,Mixed,Mixed,False
TORNTPHARM,2014,2015,Mixed,Mixed,False
TORNTPHARM,2015,2016,Mixed,Reinvestor,True
TORNTPHARM,2016,2017,Reinvestor,Reinvestor,False
TORNTPHARM,2017,2018,Reinvestor,Mixed,True
TORNTPHARM,2018,2019,Mixed,Reinvestor,True
TORNTPHARM,2019,2020,Reinvestor,Liquidating Assets,True
TORNTPHARM,2020,2021,Liquidating Assets,Reinvestor,True
TORNTPHARM,2021,2022,Reinvestor,Reinvestor,False
TORNTPHARM,2022,2023,Reinvestor,Mixed,True
TORNTPHARM,2023,2024,Mixed,Reinvestor,True
TRENT,2013,2014,Mixed,Pre-Revenue,True
TRENT,2014,2015,Pre-Revenue,Growth Funded by Debt,True
TRENT,2015,2016,Growth Funded by Debt,Reinvestor,True
TRENT,2016,2017,Reinvestor,Reinvestor,False
TRENT,2017,2018,Reinvestor,Reinvestor,False
TRENT,2018,2019,Reinvestor,Mixed,True
TRENT,2019,2020,Mixed,Mixed,False
TRENT,2020,2021,Mixed,Liquidating Assets,True
TRENT,2021,2022,Liquidating Assets,Liquidating Assets,False
TRENT,2022,2023,Liquidating Assets,Reinvestor,True
TRENT,2023,2024,Reinvestor,Reinvestor,False
TVSMOTOR,2013,2014,Reinvestor,Reinvestor,False
TVSMOTOR,2014,2015,Reinvestor,Mixed,True
TVSMOTOR,2015,2016,Mixed,Reinvestor,True
TVSMOTOR,2016,2017,Reinvestor,Reinvestor,False
TVSMOTOR,2017,2018,Reinvestor,Mixed,True
TVSMOTOR,2018,2019,Mixed,Growth Funded by Debt,True
TVSMOTOR,2019,2020,Growth Funded by Debt,Mixed,True
TVSMOTOR,2020,2021,Mixed,Mixed,False
TVSMOTOR,2021,2022,Mixed,Growth Funded by Debt,True
TVSMOTOR,2022,2023,Growth Funded by Debt,Growth Funded by Debt,False
TVSMOTOR,2023,2024,Growth Funded by Debt,Growth Funded by Debt,False
